solid OpenSCAD_Model
  facet normal 0 -1 3.552713678800501e-15
    outer loop
      vertex -27.494999999999997 -5.144999999999999 0.25
      vertex -28.825 -5.145 0
      vertex -27.494999999999997 -5.145 0
    endloop
  endfacet
  facet normal 1 0 0
    outer loop
      vertex -27.494999999999997 -5.144999999999999 0.25
      vertex -27.494999999999997 -5.145 0
      vertex -27.494999999999997 -3.814999999999999 0
    endloop
  endfacet
  facet normal 0 -1 3.552713678800501e-15
    outer loop
      vertex -28.825 -5.144999999999999 0.25
      vertex -28.825 -5.145 0
      vertex -27.494999999999997 -5.144999999999999 0.25
    endloop
  endfacet
  facet normal -1 0 0
    outer loop
      vertex -28.825 -5.144999999999999 0.25
      vertex -28.825 -3.8149999999999986 0.25
      vertex -28.825 -5.145 0
    endloop
  endfacet
  facet normal -1 0 0
    outer loop
      vertex -28.825 -3.8149999999999986 0.25
      vertex -28.825 -3.814999999999999 0
      vertex -28.825 -5.145 0
    endloop
  endfacet
  facet normal 1 0 0
    outer loop
      vertex -27.494999999999997 -5.144999999999999 0.25
      vertex -27.494999999999997 -3.814999999999999 0
      vertex -27.494999999999997 -3.814999999999999 0.25
    endloop
  endfacet
  facet normal 0 -1 3.552713678800501e-15
    outer loop
      vertex -23.064999999999998 -5.144999999999999 0.25
      vertex -24.345 -5.145 0
      vertex -23.064999999999998 -5.145 0
    endloop
  endfacet
  facet normal 0 -1 3.552713678800501e-15
    outer loop
      vertex -24.345 -5.144999999999999 0.25
      vertex -24.345 -5.145 0
      vertex -23.064999999999998 -5.144999999999999 0.25
    endloop
  endfacet
  facet normal -1 0 0
    outer loop
      vertex -24.345 -5.144999999999999 0.25
      vertex -24.345 -3.814999999999999 0.25
      vertex -24.345 -5.145 0
    endloop
  endfacet
  facet normal -1 0 0
    outer loop
      vertex -24.345 -3.814999999999999 0.25
      vertex -24.345 -3.814999999999999 0
      vertex -24.345 -5.145 0
    endloop
  endfacet
  facet normal 1 0 0
    outer loop
      vertex -27.494999999999997 -3.814999999999999 0.25
      vertex -27.494999999999997 -3.814999999999999 0
      vertex -27.494999999999997 -2.534999999999999 0
    endloop
  endfacet
  facet normal -1 0 0
    outer loop
      vertex -28.825 -3.8149999999999986 0.25
      vertex -28.825 -2.534999999999999 0.25
      vertex -28.825 -3.814999999999999 0
    endloop
  endfacet
  facet normal -1 0 0
    outer loop
      vertex -28.825 -2.534999999999999 0.25
      vertex -28.825 -2.534999999999999 0
      vertex -28.825 -3.814999999999999 0
    endloop
  endfacet
  facet normal 1 0 0
    outer loop
      vertex -27.494999999999997 -3.814999999999999 0.25
      vertex -27.494999999999997 -2.534999999999999 0
      vertex -27.494999999999997 -2.5349999999999993 0.25
    endloop
  endfacet
  facet normal -1 0 0
    outer loop
      vertex -24.345 -3.814999999999999 0.25
      vertex -24.345 -2.534999999999999 0.25
      vertex -24.345 -3.814999999999999 0
    endloop
  endfacet
  facet normal -1 0 0
    outer loop
      vertex -24.345 -2.534999999999999 0.25
      vertex -24.345 -2.534999999999999 0
      vertex -24.345 -3.814999999999999 0
    endloop
  endfacet
  facet normal 0 -1 0
    outer loop
      vertex -28.825 -5.144999999999999 0.25
      vertex -23.064999999999998 -5.144999999999999 0.30000000000000004
      vertex -28.825 -5.144999999999999 0.30000000000000004
    endloop
  endfacet
  facet normal 0 -1 0
    outer loop
      vertex -28.825 -5.144999999999999 0.25
      vertex -27.494999999999997 -5.144999999999999 0.25
      vertex -23.014999999999997 -5.144999999999999 0.30000000000000004
    endloop
  endfacet
  facet normal 0 0 -1
    outer loop
      vertex -27.494999999999997 -5.144999999999999 0.25
      vertex -24.345 -3.814999999999999 0.25
      vertex -24.345 -5.144999999999999 0.25
    endloop
  endfacet
  facet normal -1 0 0
    outer loop
      vertex -28.825 -5.144999999999999 0.25
      vertex -28.825 -5.144999999999999 0.30000000000000004
      vertex -28.825 -2.5349999999999993 0.30000000000000004
    endloop
  endfacet
  facet normal 0 -1 0
    outer loop
      vertex -27.494999999999997 -5.144999999999999 0.25
      vertex -24.345 -5.144999999999999 0.25
      vertex -23.014999999999997 -5.144999999999999 0.30000000000000004
    endloop
  endfacet
  facet normal 0 -1 0
    outer loop
      vertex -28.825 -5.144999999999999 0.25
      vertex -23.014999999999997 -5.144999999999999 0.30000000000000004
      vertex -23.064999999999998 -5.144999999999999 0.30000000000000004
    endloop
  endfacet
  facet normal 0 -1 0
    outer loop
      vertex -24.345 -5.144999999999999 0.25
      vertex -23.064999999999998 -5.144999999999999 0.25
      vertex -23.014999999999997 -5.144999999999999 0.30000000000000004
    endloop
  endfacet
  facet normal 0 -1 0
    outer loop
      vertex -23.064999999999998 -5.144999999999999 0.25
      vertex -23.014999999999997 -5.144999999999999 0.25
      vertex -23.014999999999997 -5.144999999999999 0.30000000000000004
    endloop
  endfacet
  facet normal 0 0 1
    outer loop
      vertex -28.825 -5.144999999999999 0.30000000000000004
      vertex -23.064999999999998 -5.144999999999999 0.30000000000000004
      vertex -23.064999999999998 -2.5349999999999993 0.30000000000000004
    endloop
  endfacet
  facet normal -1 0 0
    outer loop
      vertex -28.825 -5.144999999999999 0.25
      vertex -28.825 -2.5349999999999993 0.30000000000000004
      vertex -28.825 -3.8149999999999986 0.25
    endloop
  endfacet
  facet normal 0 0 -1
    outer loop
      vertex -27.494999999999997 -5.144999999999999 0.25
      vertex -27.494999999999997 -3.814999999999999 0.25
      vertex -24.345 -2.534999999999999 0.25
    endloop
  endfacet
  facet normal 0 0 -1
    outer loop
      vertex -27.494999999999997 -5.144999999999999 0.25
      vertex -24.345 -2.534999999999999 0.25
      vertex -24.345 -3.814999999999999 0.25
    endloop
  endfacet
  facet normal 0 0 1
    outer loop
      vertex -28.825 -5.144999999999999 0.30000000000000004
      vertex -23.064999999999998 -2.5349999999999993 0.30000000000000004
      vertex -28.825 -2.5349999999999993 0.30000000000000004
    endloop
  endfacet
  facet normal -1 0 0
    outer loop
      vertex -28.825 -3.8149999999999986 0.25
      vertex -28.825 -2.5349999999999993 0.30000000000000004
      vertex -28.825 -2.534999999999999 0.25
    endloop
  endfacet
  facet normal 0 0 -1
    outer loop
      vertex -27.494999999999997 -3.814999999999999 0.25
      vertex -27.494999999999997 -2.5349999999999993 0.25
      vertex -24.345 -2.534999999999999 0.25
    endloop
  endfacet
  facet normal 1 0 0
    outer loop
      vertex -27.494999999999997 -2.5349999999999993 0.25
      vertex -27.494999999999997 -2.534999999999999 0
      vertex -27.494999999999997 -1.2549999999999994 0
    endloop
  endfacet
  facet normal -1 0 0
    outer loop
      vertex -28.825 -2.534999999999999 0.25
      vertex -28.825 -1.254999999999999 0.25
      vertex -28.825 -2.534999999999999 0
    endloop
  endfacet
  facet normal -1 0 0
    outer loop
      vertex -28.825 -1.254999999999999 0.25
      vertex -28.825 -1.2549999999999994 0
      vertex -28.825 -2.534999999999999 0
    endloop
  endfacet
  facet normal 1 0 0
    outer loop
      vertex -27.494999999999997 -2.5349999999999993 0.25
      vertex -27.494999999999997 -1.2549999999999994 0
      vertex -27.494999999999997 -1.2549999999999994 0.25
    endloop
  endfacet
  facet normal -1 0 0
    outer loop
      vertex -24.345 -2.534999999999999 0.25
      vertex -24.345 -1.2549999999999994 0.25
      vertex -24.345 -2.534999999999999 0
    endloop
  endfacet
  facet normal -1 0 0
    outer loop
      vertex -24.345 -1.2549999999999994 0.25
      vertex -24.345 -1.2549999999999994 0
      vertex -24.345 -2.534999999999999 0
    endloop
  endfacet
  facet normal 1 0 0
    outer loop
      vertex -27.494999999999997 -1.2549999999999994 0.25
      vertex -27.494999999999997 -1.2549999999999994 0
      vertex -27.494999999999997 -0.024999999999999023 0
    endloop
  endfacet
  facet normal -1 0 0
    outer loop
      vertex -28.825 -1.254999999999999 0.25
      vertex -28.825 -0.0249999999999988 0.25
      vertex -28.825 -1.2549999999999994 0
    endloop
  endfacet
  facet normal -1 0 0
    outer loop
      vertex -28.825 -0.0249999999999988 0.25
      vertex -28.825 -0.024999999999999023 0
      vertex -28.825 -1.2549999999999994 0
    endloop
  endfacet
  facet normal 1 0 0
    outer loop
      vertex -27.494999999999997 -1.2549999999999994 0.25
      vertex -27.494999999999997 -0.024999999999999023 0
      vertex -27.494999999999997 -0.0249999999999988 0.25
    endloop
  endfacet
  facet normal -1 0 0
    outer loop
      vertex -24.345 -1.2549999999999994 0.25
      vertex -24.345 -0.0249999999999988 0.25
      vertex -24.345 -1.2549999999999994 0
    endloop
  endfacet
  facet normal -1 0 0
    outer loop
      vertex -24.345 -0.0249999999999988 0.25
      vertex -24.345 -0.024999999999999023 0
      vertex -24.345 -1.2549999999999994 0
    endloop
  endfacet
  facet normal -1 0 0
    outer loop
      vertex -28.825 -2.534999999999999 0.25
      vertex -28.825 -2.5349999999999993 0.30000000000000004
      vertex -28.825 -1.254999999999999 0.25
    endloop
  endfacet
  facet normal 0 0 -1
    outer loop
      vertex -27.494999999999997 -2.5349999999999993 0.25
      vertex -24.345 -1.2549999999999994 0.25
      vertex -24.345 -2.534999999999999 0.25
    endloop
  endfacet
  facet normal -1 0 0
    outer loop
      vertex -28.825 -2.5349999999999993 0.30000000000000004
      vertex -28.825 -0.0249999999999988 0.25
      vertex -28.825 -1.254999999999999 0.25
    endloop
  endfacet
  facet normal 0 0 -1
    outer loop
      vertex -27.494999999999997 -2.5349999999999993 0.25
      vertex -27.494999999999997 -1.2549999999999994 0.25
      vertex -24.345 -0.0249999999999988 0.25
    endloop
  endfacet
  facet normal 0 0 -1
    outer loop
      vertex -27.494999999999997 -2.5349999999999993 0.25
      vertex -24.345 -0.0249999999999988 0.25
      vertex -24.345 -1.2549999999999994 0.25
    endloop
  endfacet
  facet normal 0 0 1
    outer loop
      vertex -28.825 -2.5349999999999993 0.30000000000000004
      vertex -23.064999999999998 -2.5349999999999993 0.30000000000000004
      vertex -23.064999999999998 -0.0249999999999988 0.30000000000000004
    endloop
  endfacet
  facet normal -1 0 0
    outer loop
      vertex -28.825 -2.5349999999999993 0.30000000000000004
      vertex -28.825 -0.0249999999999988 0.30000000000000004
      vertex -28.825 -0.0249999999999988 0.25
    endloop
  endfacet
  facet normal 0 0 1
    outer loop
      vertex -28.825 -2.5349999999999993 0.30000000000000004
      vertex -23.064999999999998 -0.0249999999999988 0.30000000000000004
      vertex -28.825 -0.0249999999999988 0.30000000000000004
    endloop
  endfacet
  facet normal 0 0 -1
    outer loop
      vertex -27.494999999999997 -1.2549999999999994 0.25
      vertex -27.494999999999997 -0.0249999999999988 0.25
      vertex -24.345 -0.0249999999999988 0.25
    endloop
  endfacet
  facet normal 1 0 0
    outer loop
      vertex -27.494999999999997 -0.0249999999999988 0.25
      vertex -27.494999999999997 -0.024999999999999023 0
      vertex -27.494999999999997 1.305000000000001 0
    endloop
  endfacet
  facet normal -1 0 0
    outer loop
      vertex -28.825 -0.0249999999999988 0.25
      vertex -28.825 1.3050000000000015 0.25
      vertex -28.825 -0.024999999999999023 0
    endloop
  endfacet
  facet normal -1 0 0
    outer loop
      vertex -28.825 1.3050000000000015 0.25
      vertex -28.825 1.305000000000001 0
      vertex -28.825 -0.024999999999999023 0
    endloop
  endfacet
  facet normal 1 0 0
    outer loop
      vertex -27.494999999999997 -0.0249999999999988 0.25
      vertex -27.494999999999997 1.305000000000001 0
      vertex -27.494999999999997 1.305000000000001 0.25
    endloop
  endfacet
  facet normal -1 0 0
    outer loop
      vertex -24.345 -0.0249999999999988 0.25
      vertex -24.345 1.305000000000001 0.25
      vertex -24.345 -0.024999999999999023 0
    endloop
  endfacet
  facet normal -1 0 0
    outer loop
      vertex -24.345 1.305000000000001 0.25
      vertex -24.345 1.305000000000001 0
      vertex -24.345 -0.024999999999999023 0
    endloop
  endfacet
  facet normal 1 0 0
    outer loop
      vertex -27.494999999999997 1.305000000000001 0.25
      vertex -27.494999999999997 1.305000000000001 0
      vertex -27.494999999999997 2.5349999999999997 0
    endloop
  endfacet
  facet normal -1 0 0
    outer loop
      vertex -28.825 2.535 0.25
      vertex -28.825 2.5349999999999997 0
      vertex -28.825 1.305000000000001 0
    endloop
  endfacet
  facet normal -1 0 0
    outer loop
      vertex -28.825 1.3050000000000015 0.25
      vertex -28.825 2.535 0.25
      vertex -28.825 1.305000000000001 0
    endloop
  endfacet
  facet normal 1 0 0
    outer loop
      vertex -27.494999999999997 1.305000000000001 0.25
      vertex -27.494999999999997 2.5349999999999997 0
      vertex -27.494999999999997 2.535 0.25
    endloop
  endfacet
  facet normal -1 0 0
    outer loop
      vertex -24.345 2.535 0.25
      vertex -24.345 2.5349999999999997 0
      vertex -24.345 1.305000000000001 0
    endloop
  endfacet
  facet normal -1 0 0
    outer loop
      vertex -24.345 1.305000000000001 0.25
      vertex -24.345 2.535 0.25
      vertex -24.345 1.305000000000001 0
    endloop
  endfacet
  facet normal -1 0 0
    outer loop
      vertex -28.825 -0.0249999999999988 0.25
      vertex -28.825 -0.0249999999999988 0.30000000000000004
      vertex -28.825 1.3050000000000015 0.25
    endloop
  endfacet
  facet normal 0 0 -1
    outer loop
      vertex -27.494999999999997 -0.0249999999999988 0.25
      vertex -24.345 1.305000000000001 0.25
      vertex -24.345 -0.0249999999999988 0.25
    endloop
  endfacet
  facet normal -1 0 0
    outer loop
      vertex -28.825 -0.0249999999999988 0.30000000000000004
      vertex -28.825 2.535 0.25
      vertex -28.825 1.3050000000000015 0.25
    endloop
  endfacet
  facet normal 0 0 -1
    outer loop
      vertex -27.494999999999997 -0.0249999999999988 0.25
      vertex -27.494999999999997 1.305000000000001 0.25
      vertex -24.345 2.535 0.25
    endloop
  endfacet
  facet normal 0 0 -1
    outer loop
      vertex -27.494999999999997 -0.0249999999999988 0.25
      vertex -24.345 2.535 0.25
      vertex -24.345 1.305000000000001 0.25
    endloop
  endfacet
  facet normal 0 0 1
    outer loop
      vertex -28.825 -0.0249999999999988 0.30000000000000004
      vertex -23.064999999999998 -0.0249999999999988 0.30000000000000004
      vertex -23.064999999999998 2.535 0.30000000000000004
    endloop
  endfacet
  facet normal -1 0 0
    outer loop
      vertex -28.825 -0.0249999999999988 0.30000000000000004
      vertex -28.825 2.535 0.30000000000000004
      vertex -28.825 2.535 0.25
    endloop
  endfacet
  facet normal 0 0 1
    outer loop
      vertex -28.825 -0.0249999999999988 0.30000000000000004
      vertex -23.064999999999998 2.535 0.30000000000000004
      vertex -28.825 2.535 0.30000000000000004
    endloop
  endfacet
  facet normal 0 0 -1
    outer loop
      vertex -27.494999999999997 1.305000000000001 0.25
      vertex -27.494999999999997 2.535 0.25
      vertex -24.345 2.535 0.25
    endloop
  endfacet
  facet normal 1 0 0
    outer loop
      vertex -27.494999999999997 2.535 0.25
      vertex -27.494999999999997 2.5349999999999997 0
      vertex -27.494999999999997 3.8649999999999998 0
    endloop
  endfacet
  facet normal -1 0 0
    outer loop
      vertex -28.825 3.865 0.25
      vertex -28.825 3.8649999999999998 0
      vertex -28.825 2.5349999999999997 0
    endloop
  endfacet
  facet normal -1 0 0
    outer loop
      vertex -28.825 2.535 0.25
      vertex -28.825 3.865 0.25
      vertex -28.825 2.5349999999999997 0
    endloop
  endfacet
  facet normal 1 0 0
    outer loop
      vertex -27.494999999999997 2.535 0.25
      vertex -27.494999999999997 3.8649999999999998 0
      vertex -27.494999999999997 3.8649999999999998 0.25
    endloop
  endfacet
  facet normal -1 0 0
    outer loop
      vertex -24.345 3.8649999999999998 0.25
      vertex -24.345 3.8649999999999998 0
      vertex -24.345 2.5349999999999997 0
    endloop
  endfacet
  facet normal -1 0 0
    outer loop
      vertex -24.345 2.535 0.25
      vertex -24.345 3.8649999999999998 0.25
      vertex -24.345 2.5349999999999997 0
    endloop
  endfacet
  facet normal 1 0 0
    outer loop
      vertex -27.494999999999997 3.8649999999999998 0.25
      vertex -27.494999999999997 3.8649999999999998 0
      vertex -27.494999999999997 5.145 0
    endloop
  endfacet
  facet normal -1 0 0
    outer loop
      vertex -28.825 5.145 0.25
      vertex -28.825 5.145 0
      vertex -28.825 3.8649999999999998 0
    endloop
  endfacet
  facet normal -1 0 0
    outer loop
      vertex -28.825 3.865 0.25
      vertex -28.825 5.145 0.25
      vertex -28.825 3.8649999999999998 0
    endloop
  endfacet
  facet normal 1 0 0
    outer loop
      vertex -27.494999999999997 3.8649999999999998 0.25
      vertex -27.494999999999997 5.145 0
      vertex -27.494999999999997 5.145 0.25
    endloop
  endfacet
  facet normal 0 1 0
    outer loop
      vertex -28.825 5.145 0.25
      vertex -27.494999999999997 5.145 0
      vertex -28.825 5.145 0
    endloop
  endfacet
  facet normal 0 1 0
    outer loop
      vertex -28.825 5.145 0.25
      vertex -27.494999999999997 5.145 0.25
      vertex -27.494999999999997 5.145 0
    endloop
  endfacet
  facet normal -1 0 0
    outer loop
      vertex -24.345 5.145 0.25
      vertex -24.345 5.145 0
      vertex -24.345 3.8649999999999998 0
    endloop
  endfacet
  facet normal -1 0 0
    outer loop
      vertex -24.345 3.8649999999999998 0.25
      vertex -24.345 5.145 0.25
      vertex -24.345 3.8649999999999998 0
    endloop
  endfacet
  facet normal 0 1 0
    outer loop
      vertex -24.345 5.145 0.25
      vertex -23.014999999999997 5.145 0
      vertex -24.345 5.145 0
    endloop
  endfacet
  facet normal 0 1 0
    outer loop
      vertex -24.345 5.145 0.25
      vertex -23.014999999999997 5.145 0.25
      vertex -23.014999999999997 5.145 0
    endloop
  endfacet
  facet normal -1 0 0
    outer loop
      vertex -28.825 2.535 0.25
      vertex -28.825 2.535 0.30000000000000004
      vertex -28.825 5.145 0.30000000000000004
    endloop
  endfacet
  facet normal 0 0 -1
    outer loop
      vertex -27.494999999999997 2.535 0.25
      vertex -24.345 3.8649999999999998 0.25
      vertex -24.345 2.535 0.25
    endloop
  endfacet
  facet normal -1 0 0
    outer loop
      vertex -28.825 2.535 0.25
      vertex -28.825 5.145 0.30000000000000004
      vertex -28.825 3.865 0.25
    endloop
  endfacet
  facet normal 0 0 -1
    outer loop
      vertex -27.494999999999997 2.535 0.25
      vertex -27.494999999999997 3.8649999999999998 0.25
      vertex -24.345 5.145 0.25
    endloop
  endfacet
  facet normal 0 0 -1
    outer loop
      vertex -27.494999999999997 2.535 0.25
      vertex -24.345 5.145 0.25
      vertex -24.345 3.8649999999999998 0.25
    endloop
  endfacet
  facet normal 0 0 1
    outer loop
      vertex -28.825 2.535 0.30000000000000004
      vertex -23.064999999999998 2.535 0.30000000000000004
      vertex -23.064999999999998 5.145 0.30000000000000004
    endloop
  endfacet
  facet normal -1 0 0
    outer loop
      vertex -28.825 3.865 0.25
      vertex -28.825 5.145 0.30000000000000004
      vertex -28.825 5.145 0.25
    endloop
  endfacet
  facet normal 0 0 1
    outer loop
      vertex -28.825 2.535 0.30000000000000004
      vertex -23.064999999999998 5.145 0.30000000000000004
      vertex -28.825 5.145 0.30000000000000004
    endloop
  endfacet
  facet normal 0 0 -1
    outer loop
      vertex -27.494999999999997 3.8649999999999998 0.25
      vertex -27.494999999999997 5.145 0.25
      vertex -24.345 5.145 0.25
    endloop
  endfacet
  facet normal 0 1 0
    outer loop
      vertex -28.825 5.145 0.25
      vertex -28.825 5.145 0.30000000000000004
      vertex -27.494999999999997 5.145 0.25
    endloop
  endfacet
  facet normal 0 1 0
    outer loop
      vertex -27.494999999999997 5.145 0.25
      vertex -28.825 5.145 0.30000000000000004
      vertex -24.345 5.145 0.25
    endloop
  endfacet
  facet normal 0 1 0
    outer loop
      vertex -24.345 5.145 0.25
      vertex -28.825 5.145 0.30000000000000004
      vertex -23.014999999999997 5.145 0.25
    endloop
  endfacet
  facet normal 0 1 0
    outer loop
      vertex -23.014999999999997 5.145 0.25
      vertex -28.825 5.145 0.30000000000000004
      vertex -23.064999999999998 5.145 0.30000000000000004
    endloop
  endfacet
  facet normal 0 1 0
    outer loop
      vertex -23.014999999999997 5.145 0.25
      vertex -23.064999999999998 5.145 0.30000000000000004
      vertex -23.014999999999997 5.145 0.30000000000000004
    endloop
  endfacet
  facet normal 0 -1 3.552713678800501e-15
    outer loop
      vertex -21.734999999999996 -5.144999999999999 0.25
      vertex -23.064999999999998 -5.145 0
      vertex -21.734999999999996 -5.145 0
    endloop
  endfacet
  facet normal 1 0 0
    outer loop
      vertex -21.734999999999996 -5.144999999999999 0.25
      vertex -21.734999999999996 -5.145 0
      vertex -21.734999999999996 -3.814999999999999 0
    endloop
  endfacet
  facet normal 0 -1 3.552713678800501e-15
    outer loop
      vertex -23.064999999999998 -5.144999999999999 0.25
      vertex -23.064999999999998 -5.145 0
      vertex -23.014999999999997 -5.144999999999999 0.25
    endloop
  endfacet
  facet normal 0 -1 3.552713678800501e-15
    outer loop
      vertex -23.014999999999997 -5.144999999999999 0.25
      vertex -23.064999999999998 -5.145 0
      vertex -21.734999999999996 -5.144999999999999 0.25
    endloop
  endfacet
  facet normal 1 0 0
    outer loop
      vertex -21.734999999999996 -5.144999999999999 0.25
      vertex -21.734999999999996 -3.814999999999999 0
      vertex -21.734999999999996 -3.814999999999999 0.25
    endloop
  endfacet
  facet normal 0 -1 3.552713678800501e-15
    outer loop
      vertex -18.584999999999997 -5.144999999999999 0.25
      vertex -18.584999999999997 -5.145 0
      vertex -17.305 -5.145 0
    endloop
  endfacet
  facet normal -1 0 0
    outer loop
      vertex -18.584999999999997 -5.144999999999999 0.25
      vertex -18.584999999999997 -3.814999999999999 0.25
      vertex -18.584999999999997 -5.145 0
    endloop
  endfacet
  facet normal -1 0 0
    outer loop
      vertex -18.584999999999997 -3.814999999999999 0.25
      vertex -18.584999999999997 -3.814999999999999 0
      vertex -18.584999999999997 -5.145 0
    endloop
  endfacet
  facet normal 0 -1 3.552713678800501e-15
    outer loop
      vertex -18.584999999999997 -5.144999999999999 0.25
      vertex -17.305 -5.145 0
      vertex -17.305 -5.144999999999999 0.25
    endloop
  endfacet
  facet normal 1 0 0
    outer loop
      vertex -21.734999999999996 -3.814999999999999 0.25
      vertex -21.734999999999996 -3.814999999999999 0
      vertex -21.734999999999996 -2.534999999999999 0
    endloop
  endfacet
  facet normal 1 0 0
    outer loop
      vertex -21.734999999999996 -3.814999999999999 0.25
      vertex -21.734999999999996 -2.534999999999999 0
      vertex -21.734999999999996 -2.5349999999999993 0.25
    endloop
  endfacet
  facet normal -1 0 0
    outer loop
      vertex -18.584999999999997 -3.814999999999999 0.25
      vertex -18.584999999999997 -2.534999999999999 0.25
      vertex -18.584999999999997 -3.814999999999999 0
    endloop
  endfacet
  facet normal -1 0 0
    outer loop
      vertex -18.584999999999997 -2.534999999999999 0.25
      vertex -18.584999999999997 -2.534999999999999 0
      vertex -18.584999999999997 -3.814999999999999 0
    endloop
  endfacet
  facet normal 0 -1 0
    outer loop
      vertex -23.064999999999998 -5.144999999999999 0.30000000000000004
      vertex -23.014999999999997 -5.144999999999999 0.30000000000000004
      vertex -23.064999999999998 -5.144999999999999 0.35
    endloop
  endfacet
  facet normal 0 -1 0
    outer loop
      vertex -23.014999999999997 -5.144999999999999 0.25
      vertex -21.734999999999996 -5.144999999999999 0.25
      vertex -23.014999999999997 -5.144999999999999 0.30000000000000004
    endloop
  endfacet
  facet normal -1 0 0
    outer loop
      vertex -23.064999999999998 -5.144999999999999 0.30000000000000004
      vertex -23.064999999999998 -5.144999999999999 0.35
      vertex -23.064999999999998 -2.5349999999999993 0.30000000000000004
    endloop
  endfacet
  facet normal -1 0 0
    outer loop
      vertex -23.064999999999998 -5.144999999999999 0.35
      vertex -23.064999999999998 -2.5349999999999993 0.35
      vertex -23.064999999999998 -2.5349999999999993 0.30000000000000004
    endloop
  endfacet
  facet normal 0 -1 0
    outer loop
      vertex -21.734999999999996 -5.144999999999999 0.25
      vertex -18.584999999999997 -5.144999999999999 0.25
      vertex -23.014999999999997 -5.144999999999999 0.30000000000000004
    endloop
  endfacet
  facet normal 0 -1 0
    outer loop
      vertex -23.014999999999997 -5.144999999999999 0.30000000000000004
      vertex -17.305 -5.144999999999999 0.35
      vertex -23.064999999999998 -5.144999999999999 0.35
    endloop
  endfacet
  facet normal 0 -1 0
    outer loop
      vertex -23.014999999999997 -5.144999999999999 0.30000000000000004
      vertex -18.584999999999997 -5.144999999999999 0.25
      vertex -17.305 -5.144999999999999 0.25
    endloop
  endfacet
  facet normal 0 -1 0
    outer loop
      vertex -23.014999999999997 -5.144999999999999 0.30000000000000004
      vertex -17.305 -5.144999999999999 0.25
      vertex -17.305 -5.144999999999999 0.35
    endloop
  endfacet
  facet normal 0 0 -1
    outer loop
      vertex -21.734999999999996 -5.144999999999999 0.25
      vertex -18.584999999999997 -3.814999999999999 0.25
      vertex -18.584999999999997 -5.144999999999999 0.25
    endloop
  endfacet
  facet normal 0 0 1
    outer loop
      vertex -23.064999999999998 -5.144999999999999 0.35
      vertex -17.305 -5.144999999999999 0.35
      vertex -23.064999999999998 -2.5349999999999993 0.35
    endloop
  endfacet
  facet normal 0 0 -1
    outer loop
      vertex -21.734999999999996 -5.144999999999999 0.25
      vertex -21.734999999999996 -3.814999999999999 0.25
      vertex -18.584999999999997 -2.534999999999999 0.25
    endloop
  endfacet
  facet normal 0 0 -1
    outer loop
      vertex -21.734999999999996 -5.144999999999999 0.25
      vertex -18.584999999999997 -2.534999999999999 0.25
      vertex -18.584999999999997 -3.814999999999999 0.25
    endloop
  endfacet
  facet normal 0 0 -1
    outer loop
      vertex -21.734999999999996 -3.814999999999999 0.25
      vertex -21.734999999999996 -2.5349999999999993 0.25
      vertex -18.584999999999997 -2.534999999999999 0.25
    endloop
  endfacet
  facet normal 0 0 1
    outer loop
      vertex -17.305 -5.144999999999999 0.35
      vertex -17.305 -2.5349999999999993 0.35
      vertex -23.064999999999998 -2.5349999999999993 0.35
    endloop
  endfacet
  facet normal 1 0 0
    outer loop
      vertex -21.734999999999996 -2.5349999999999993 0.25
      vertex -21.734999999999996 -2.534999999999999 0
      vertex -21.734999999999996 -1.2549999999999994 0
    endloop
  endfacet
  facet normal 1 0 0
    outer loop
      vertex -21.734999999999996 -2.5349999999999993 0.25
      vertex -21.734999999999996 -1.2549999999999994 0
      vertex -21.734999999999996 -1.2549999999999994 0.25
    endloop
  endfacet
  facet normal -1 0 0
    outer loop
      vertex -18.584999999999997 -2.534999999999999 0.25
      vertex -18.584999999999997 -1.2549999999999994 0.25
      vertex -18.584999999999997 -2.534999999999999 0
    endloop
  endfacet
  facet normal -1 0 0
    outer loop
      vertex -18.584999999999997 -1.2549999999999994 0.25
      vertex -18.584999999999997 -1.2549999999999994 0
      vertex -18.584999999999997 -2.534999999999999 0
    endloop
  endfacet
  facet normal 1 0 0
    outer loop
      vertex -21.734999999999996 -1.2549999999999994 0.25
      vertex -21.734999999999996 -1.2549999999999994 0
      vertex -21.734999999999996 -0.024999999999999023 0
    endloop
  endfacet
  facet normal 1 0 0
    outer loop
      vertex -21.734999999999996 -1.2549999999999994 0.25
      vertex -21.734999999999996 -0.024999999999999023 0
      vertex -21.734999999999996 -0.0249999999999988 0.25
    endloop
  endfacet
  facet normal -1 0 0
    outer loop
      vertex -18.584999999999997 -1.2549999999999994 0.25
      vertex -18.584999999999997 -0.0249999999999988 0.25
      vertex -18.584999999999997 -1.2549999999999994 0
    endloop
  endfacet
  facet normal -1 0 0
    outer loop
      vertex -18.584999999999997 -0.0249999999999988 0.25
      vertex -18.584999999999997 -0.024999999999999023 0
      vertex -18.584999999999997 -1.2549999999999994 0
    endloop
  endfacet
  facet normal -1 0 0
    outer loop
      vertex -23.064999999999998 -2.5349999999999993 0.30000000000000004
      vertex -23.064999999999998 -2.5349999999999993 0.35
      vertex -23.064999999999998 -0.0249999999999988 0.30000000000000004
    endloop
  endfacet
  facet normal -1 0 0
    outer loop
      vertex -23.064999999999998 -2.5349999999999993 0.35
      vertex -23.064999999999998 -0.0249999999999988 0.35
      vertex -23.064999999999998 -0.0249999999999988 0.30000000000000004
    endloop
  endfacet
  facet normal 0 0 -1
    outer loop
      vertex -21.734999999999996 -2.5349999999999993 0.25
      vertex -18.584999999999997 -1.2549999999999994 0.25
      vertex -18.584999999999997 -2.534999999999999 0.25
    endloop
  endfacet
  facet normal 0 0 -1
    outer loop
      vertex -21.734999999999996 -2.5349999999999993 0.25
      vertex -21.734999999999996 -1.2549999999999994 0.25
      vertex -18.584999999999997 -0.0249999999999988 0.25
    endloop
  endfacet
  facet normal 0 0 -1
    outer loop
      vertex -21.734999999999996 -2.5349999999999993 0.25
      vertex -18.584999999999997 -0.0249999999999988 0.25
      vertex -18.584999999999997 -1.2549999999999994 0.25
    endloop
  endfacet
  facet normal 0 0 1
    outer loop
      vertex -23.064999999999998 -2.5349999999999993 0.35
      vertex -17.305 -2.5349999999999993 0.35
      vertex -23.064999999999998 -0.0249999999999988 0.35
    endloop
  endfacet
  facet normal 0 0 -1
    outer loop
      vertex -21.734999999999996 -1.2549999999999994 0.25
      vertex -21.734999999999996 -0.0249999999999988 0.25
      vertex -18.584999999999997 -0.0249999999999988 0.25
    endloop
  endfacet
  facet normal 0 0 1
    outer loop
      vertex -23.064999999999998 -0.0249999999999988 0.35
      vertex -17.305 -2.5349999999999993 0.35
      vertex -17.305 -0.0249999999999988 0.35
    endloop
  endfacet
  facet normal 1 0 0
    outer loop
      vertex -21.734999999999996 -0.0249999999999988 0.25
      vertex -21.734999999999996 -0.024999999999999023 0
      vertex -21.734999999999996 1.305000000000001 0
    endloop
  endfacet
  facet normal 1 0 0
    outer loop
      vertex -21.734999999999996 -0.0249999999999988 0.25
      vertex -21.734999999999996 1.305000000000001 0
      vertex -21.734999999999996 1.305000000000001 0.25
    endloop
  endfacet
  facet normal -1 0 0
    outer loop
      vertex -18.584999999999997 -0.0249999999999988 0.25
      vertex -18.584999999999997 1.305000000000001 0.25
      vertex -18.584999999999997 -0.024999999999999023 0
    endloop
  endfacet
  facet normal -1 0 0
    outer loop
      vertex -18.584999999999997 1.305000000000001 0.25
      vertex -18.584999999999997 1.305000000000001 0
      vertex -18.584999999999997 -0.024999999999999023 0
    endloop
  endfacet
  facet normal 1 0 0
    outer loop
      vertex -21.734999999999996 1.305000000000001 0.25
      vertex -21.734999999999996 1.305000000000001 0
      vertex -21.734999999999996 2.5349999999999997 0
    endloop
  endfacet
  facet normal 1 0 0
    outer loop
      vertex -21.734999999999996 1.305000000000001 0.25
      vertex -21.734999999999996 2.5349999999999997 0
      vertex -21.734999999999996 2.535 0.25
    endloop
  endfacet
  facet normal -1 0 0
    outer loop
      vertex -18.584999999999997 2.535 0.25
      vertex -18.584999999999997 2.5349999999999997 0
      vertex -18.584999999999997 1.305000000000001 0
    endloop
  endfacet
  facet normal -1 0 0
    outer loop
      vertex -18.584999999999997 1.305000000000001 0.25
      vertex -18.584999999999997 2.535 0.25
      vertex -18.584999999999997 1.305000000000001 0
    endloop
  endfacet
  facet normal -1 0 0
    outer loop
      vertex -23.064999999999998 -0.0249999999999988 0.30000000000000004
      vertex -23.064999999999998 -0.0249999999999988 0.35
      vertex -23.064999999999998 2.535 0.30000000000000004
    endloop
  endfacet
  facet normal -1 0 0
    outer loop
      vertex -23.064999999999998 -0.0249999999999988 0.35
      vertex -23.064999999999998 2.535 0.35
      vertex -23.064999999999998 2.535 0.30000000000000004
    endloop
  endfacet
  facet normal 0 0 -1
    outer loop
      vertex -21.734999999999996 -0.0249999999999988 0.25
      vertex -18.584999999999997 1.305000000000001 0.25
      vertex -18.584999999999997 -0.0249999999999988 0.25
    endloop
  endfacet
  facet normal 0 0 -1
    outer loop
      vertex -21.734999999999996 -0.0249999999999988 0.25
      vertex -21.734999999999996 1.305000000000001 0.25
      vertex -18.584999999999997 2.535 0.25
    endloop
  endfacet
  facet normal 0 0 -1
    outer loop
      vertex -21.734999999999996 -0.0249999999999988 0.25
      vertex -18.584999999999997 2.535 0.25
      vertex -18.584999999999997 1.305000000000001 0.25
    endloop
  endfacet
  facet normal 0 0 1
    outer loop
      vertex -23.064999999999998 -0.0249999999999988 0.35
      vertex -17.305 -0.0249999999999988 0.35
      vertex -23.064999999999998 2.535 0.35
    endloop
  endfacet
  facet normal 0 0 -1
    outer loop
      vertex -21.734999999999996 1.305000000000001 0.25
      vertex -21.734999999999996 2.535 0.25
      vertex -18.584999999999997 2.535 0.25
    endloop
  endfacet
  facet normal 0 0 1
    outer loop
      vertex -17.305 -0.0249999999999988 0.35
      vertex -17.305 2.535 0.35
      vertex -23.064999999999998 2.535 0.35
    endloop
  endfacet
  facet normal 1 0 0
    outer loop
      vertex -21.734999999999996 2.535 0.25
      vertex -21.734999999999996 2.5349999999999997 0
      vertex -21.734999999999996 3.8649999999999998 0
    endloop
  endfacet
  facet normal 1 0 0
    outer loop
      vertex -21.734999999999996 2.535 0.25
      vertex -21.734999999999996 3.8649999999999998 0
      vertex -21.734999999999996 3.8649999999999998 0.25
    endloop
  endfacet
  facet normal -1 0 0
    outer loop
      vertex -18.584999999999997 3.8649999999999998 0.25
      vertex -18.584999999999997 3.8649999999999998 0
      vertex -18.584999999999997 2.5349999999999997 0
    endloop
  endfacet
  facet normal -1 0 0
    outer loop
      vertex -18.584999999999997 2.535 0.25
      vertex -18.584999999999997 3.8649999999999998 0.25
      vertex -18.584999999999997 2.5349999999999997 0
    endloop
  endfacet
  facet normal 1 0 0
    outer loop
      vertex -21.734999999999996 3.8649999999999998 0.25
      vertex -21.734999999999996 3.8649999999999998 0
      vertex -21.734999999999996 5.145 0
    endloop
  endfacet
  facet normal 1 0 0
    outer loop
      vertex -21.734999999999996 3.8649999999999998 0.25
      vertex -21.734999999999996 5.145 0
      vertex -21.734999999999996 5.145 0.25
    endloop
  endfacet
  facet normal 0 1 0
    outer loop
      vertex -21.734999999999996 5.145 0.25
      vertex -21.734999999999996 5.145 0
      vertex -23.014999999999997 5.145 0
    endloop
  endfacet
  facet normal 0 1 0
    outer loop
      vertex -23.014999999999997 5.145 0.25
      vertex -21.734999999999996 5.145 0.25
      vertex -23.014999999999997 5.145 0
    endloop
  endfacet
  facet normal -1 0 0
    outer loop
      vertex -18.584999999999997 5.145 0.25
      vertex -18.584999999999997 5.145 0
      vertex -18.584999999999997 3.8649999999999998 0
    endloop
  endfacet
  facet normal -1 0 0
    outer loop
      vertex -18.584999999999997 3.8649999999999998 0.25
      vertex -18.584999999999997 5.145 0.25
      vertex -18.584999999999997 3.8649999999999998 0
    endloop
  endfacet
  facet normal 0 1 0
    outer loop
      vertex -18.584999999999997 5.145 0.25
      vertex -17.305 5.145 0.25
      vertex -18.584999999999997 5.145 0
    endloop
  endfacet
  facet normal 0 1 0
    outer loop
      vertex -17.305 5.145 0.25
      vertex -17.305 5.145 0
      vertex -18.584999999999997 5.145 0
    endloop
  endfacet
  facet normal -1 0 0
    outer loop
      vertex -23.064999999999998 2.535 0.30000000000000004
      vertex -23.064999999999998 2.535 0.35
      vertex -23.064999999999998 5.145 0.30000000000000004
    endloop
  endfacet
  facet normal -1 0 0
    outer loop
      vertex -23.064999999999998 2.535 0.35
      vertex -23.064999999999998 5.145 0.35
      vertex -23.064999999999998 5.145 0.30000000000000004
    endloop
  endfacet
  facet normal 0 1 0
    outer loop
      vertex -23.064999999999998 5.145 0.30000000000000004
      vertex -23.064999999999998 5.145 0.35
      vertex -23.014999999999997 5.145 0.30000000000000004
    endloop
  endfacet
  facet normal 0 1 0
    outer loop
      vertex -21.734999999999996 5.145 0.25
      vertex -23.014999999999997 5.145 0.30000000000000004
      vertex -23.064999999999998 5.145 0.35
    endloop
  endfacet
  facet normal 0 1 0
    outer loop
      vertex -23.014999999999997 5.145 0.25
      vertex -23.014999999999997 5.145 0.30000000000000004
      vertex -21.734999999999996 5.145 0.25
    endloop
  endfacet
  facet normal 0 0 -1
    outer loop
      vertex -21.734999999999996 2.535 0.25
      vertex -18.584999999999997 3.8649999999999998 0.25
      vertex -18.584999999999997 2.535 0.25
    endloop
  endfacet
  facet normal 0 0 -1
    outer loop
      vertex -21.734999999999996 2.535 0.25
      vertex -21.734999999999996 3.8649999999999998 0.25
      vertex -18.584999999999997 5.145 0.25
    endloop
  endfacet
  facet normal 0 0 -1
    outer loop
      vertex -21.734999999999996 2.535 0.25
      vertex -18.584999999999997 5.145 0.25
      vertex -18.584999999999997 3.8649999999999998 0.25
    endloop
  endfacet
  facet normal 0 0 1
    outer loop
      vertex -23.064999999999998 2.535 0.35
      vertex -17.305 2.535 0.35
      vertex -23.064999999999998 5.145 0.35
    endloop
  endfacet
  facet normal 0 0 -1
    outer loop
      vertex -21.734999999999996 3.8649999999999998 0.25
      vertex -21.734999999999996 5.145 0.25
      vertex -18.584999999999997 5.145 0.25
    endloop
  endfacet
  facet normal 0 1 0
    outer loop
      vertex -21.734999999999996 5.145 0.25
      vertex -23.064999999999998 5.145 0.35
      vertex -18.584999999999997 5.145 0.25
    endloop
  endfacet
  facet normal 0 1 0
    outer loop
      vertex -23.064999999999998 5.145 0.35
      vertex -17.305 5.145 0.35
      vertex -18.584999999999997 5.145 0.25
    endloop
  endfacet
  facet normal 0 1 0
    outer loop
      vertex -18.584999999999997 5.145 0.25
      vertex -17.305 5.145 0.35
      vertex -17.305 5.145 0.25
    endloop
  endfacet
  facet normal 0 0 1
    outer loop
      vertex -17.305 2.535 0.35
      vertex -17.305 5.145 0.35
      vertex -23.064999999999998 5.145 0.35
    endloop
  endfacet
  facet normal 0 -1 3.552713678800501e-15
    outer loop
      vertex -15.975 -5.144999999999999 0.25
      vertex -17.305 -5.145 0
      vertex -15.974999999999998 -5.145 0
    endloop
  endfacet
  facet normal 1 0 7.105427357601002e-15
    outer loop
      vertex -15.975 -5.144999999999999 0.25
      vertex -15.974999999999998 -5.145 0
      vertex -15.974999999999998 -3.814999999999999 0
    endloop
  endfacet
  facet normal 0 -1 3.552713678800501e-15
    outer loop
      vertex -17.305 -5.144999999999999 0.25
      vertex -17.305 -5.145 0
      vertex -15.975 -5.144999999999999 0.25
    endloop
  endfacet
  facet normal 1 -1.3356066461656022e-15 0
    outer loop
      vertex -15.975 -5.144999999999999 0.25
      vertex -15.974999999999998 -3.814999999999999 0
      vertex -15.974999999999998 -3.814999999999999 0.25
    endloop
  endfacet
  facet normal 0 -1 3.552713678800501e-15
    outer loop
      vertex -12.825 -5.144999999999999 0.25
      vertex -12.825 -5.145 0
      vertex -11.544999999999998 -5.145 0
    endloop
  endfacet
  facet normal -1 0 0
    outer loop
      vertex -12.825 -5.144999999999999 0.25
      vertex -12.825 -3.814999999999999 0.25
      vertex -12.825 -5.145 0
    endloop
  endfacet
  facet normal 0 -1 3.552713678800501e-15
    outer loop
      vertex -12.825 -5.144999999999999 0.25
      vertex -11.544999999999998 -5.145 0
      vertex -11.544999999999996 -5.144999999999999 0.25
    endloop
  endfacet
  facet normal -1 0 0
    outer loop
      vertex -12.825 -3.814999999999999 0.25
      vertex -12.825 -3.814999999999999 0
      vertex -12.825 -5.145 0
    endloop
  endfacet
  facet normal 1 0 0
    outer loop
      vertex -15.974999999999998 -3.814999999999999 0.25
      vertex -15.974999999999998 -3.814999999999999 0
      vertex -15.974999999999998 -2.534999999999999 0
    endloop
  endfacet
  facet normal 1 0 0
    outer loop
      vertex -15.974999999999998 -3.814999999999999 0.25
      vertex -15.974999999999998 -2.534999999999999 0
      vertex -15.974999999999998 -2.5349999999999993 0.25
    endloop
  endfacet
  facet normal -1 0 0
    outer loop
      vertex -12.825 -3.814999999999999 0.25
      vertex -12.825 -2.534999999999999 0.25
      vertex -12.825 -3.814999999999999 0
    endloop
  endfacet
  facet normal -1 0 0
    outer loop
      vertex -12.825 -2.534999999999999 0.25
      vertex -12.825 -2.534999999999999 0
      vertex -12.825 -3.814999999999999 0
    endloop
  endfacet
  facet normal 0 -1 0
    outer loop
      vertex -17.305 -5.144999999999999 0.25
      vertex -15.975 -5.144999999999999 0.25
      vertex -17.305 -5.144999999999999 0.35
    endloop
  endfacet
  facet normal 0 -1 0
    outer loop
      vertex -15.975 -5.144999999999999 0.25
      vertex -17.305 -5.144999999999999 0.4
      vertex -17.305 -5.144999999999999 0.35
    endloop
  endfacet
  facet normal 0 -1 0
    outer loop
      vertex -15.975 -5.144999999999999 0.25
      vertex -12.825 -5.144999999999999 0.25
      vertex -17.305 -5.144999999999999 0.4
    endloop
  endfacet
  facet normal -1 0 0
    outer loop
      vertex -17.305 -5.144999999999999 0.35
      vertex -17.305 -5.144999999999999 0.4
      vertex -17.305 -2.5349999999999993 0.4
    endloop
  endfacet
  facet normal 0 0 1
    outer loop
      vertex -17.305 -5.144999999999999 0.4
      vertex -11.544999999999996 -5.144999999999999 0.4
      vertex -17.305 -2.5349999999999993 0.4
    endloop
  endfacet
  facet normal 0 0 -1
    outer loop
      vertex -15.975 -5.144999999999999 0.25
      vertex -15.974999999999998 -3.814999999999999 0.25
      vertex -12.825 -2.534999999999999 0.25
    endloop
  endfacet
  facet normal 0 0 -1
    outer loop
      vertex -15.974999999999998 -3.814999999999999 0.25
      vertex -15.974999999999998 -2.5349999999999993 0.25
      vertex -12.825 -2.534999999999999 0.25
    endloop
  endfacet
  facet normal -1 0 0
    outer loop
      vertex -17.305 -5.144999999999999 0.35
      vertex -17.305 -2.5349999999999993 0.4
      vertex -17.305 -2.5349999999999993 0.35
    endloop
  endfacet
  facet normal 0 -1 0
    outer loop
      vertex -12.825 -5.144999999999999 0.25
      vertex -11.544999999999996 -5.144999999999999 0.25
      vertex -17.305 -5.144999999999999 0.4
    endloop
  endfacet
  facet normal 0 0 -1
    outer loop
      vertex -15.975 -5.144999999999999 0.25
      vertex -12.825 -3.814999999999999 0.25
      vertex -12.825 -5.144999999999999 0.25
    endloop
  endfacet
  facet normal 0 -1 0
    outer loop
      vertex -11.544999999999996 -5.144999999999999 0.25
      vertex -11.544999999999996 -5.144999999999999 0.4
      vertex -17.305 -5.144999999999999 0.4
    endloop
  endfacet
  facet normal 0 0 -1
    outer loop
      vertex -15.975 -5.144999999999999 0.25
      vertex -12.825 -2.534999999999999 0.25
      vertex -12.825 -3.814999999999999 0.25
    endloop
  endfacet
  facet normal 0 0 1
    outer loop
      vertex -17.305 -2.5349999999999993 0.4
      vertex -11.544999999999996 -5.144999999999999 0.4
      vertex -11.544999999999996 -2.5349999999999993 0.4
    endloop
  endfacet
  facet normal 1 0 0
    outer loop
      vertex -15.974999999999998 -2.5349999999999993 0.25
      vertex -15.974999999999998 -2.534999999999999 0
      vertex -15.974999999999998 -1.2549999999999994 0
    endloop
  endfacet
  facet normal 1 0 0
    outer loop
      vertex -15.974999999999998 -2.5349999999999993 0.25
      vertex -15.974999999999998 -1.2549999999999994 0
      vertex -15.974999999999998 -1.2549999999999994 0.25
    endloop
  endfacet
  facet normal -1 0 0
    outer loop
      vertex -12.825 -2.534999999999999 0.25
      vertex -12.825 -1.2549999999999994 0.25
      vertex -12.825 -2.534999999999999 0
    endloop
  endfacet
  facet normal -1 0 0
    outer loop
      vertex -12.825 -1.2549999999999994 0.25
      vertex -12.825 -1.2549999999999994 0
      vertex -12.825 -2.534999999999999 0
    endloop
  endfacet
  facet normal 1 0 0
    outer loop
      vertex -15.974999999999998 -1.2549999999999994 0.25
      vertex -15.974999999999998 -1.2549999999999994 0
      vertex -15.974999999999998 0.0250000000000008 0
    endloop
  endfacet
  facet normal 1 0 0
    outer loop
      vertex -15.974999999999998 -1.2549999999999994 0.25
      vertex -15.974999999999998 0.0250000000000008 0
      vertex -15.974999999999998 -0.024999999999997358 0.25
    endloop
  endfacet
  facet normal 1 3.552713678800648e-14 7.105427357601033e-15
    outer loop
      vertex -15.974999999999998 -0.024999999999997358 0.25
      vertex -15.974999999999998 0.0250000000000008 0
      vertex -15.975 0.025000000000000577 0.25
    endloop
  endfacet
  facet normal -1 0 0
    outer loop
      vertex -12.825 -1.2549999999999994 0.25
      vertex -12.825 -0.0249999999999988 0.25
      vertex -12.825 -1.2549999999999994 0
    endloop
  endfacet
  facet normal -1 0 0
    outer loop
      vertex -12.825 -0.0249999999999988 0.25
      vertex -12.825 -0.024999999999999023 0
      vertex -12.825 -1.2549999999999994 0
    endloop
  endfacet
  facet normal 0 0 -1
    outer loop
      vertex -15.974999999999998 -2.5349999999999993 0.25
      vertex -15.974999999999998 -1.2549999999999994 0.25
      vertex -12.825 -0.0249999999999988 0.25
    endloop
  endfacet
  facet normal -1 0 0
    outer loop
      vertex -17.305 -2.5349999999999993 0.35
      vertex -17.305 -2.5349999999999993 0.4
      vertex -17.305 -0.0249999999999988 0.4
    endloop
  endfacet
  facet normal 0 0 1
    outer loop
      vertex -17.305 -2.5349999999999993 0.4
      vertex -11.544999999999996 -2.5349999999999993 0.4
      vertex -17.305 -0.0249999999999988 0.4
    endloop
  endfacet
  facet normal 0 0 -1
    outer loop
      vertex -15.974999999999998 -1.2549999999999994 0.25
      vertex -15.974999999999998 -0.024999999999997358 0.25
      vertex -12.825 -0.0249999999999988 0.25
    endloop
  endfacet
  facet normal -1 0 0
    outer loop
      vertex -17.305 -2.5349999999999993 0.35
      vertex -17.305 -0.0249999999999988 0.4
      vertex -17.305 -0.0249999999999988 0.35
    endloop
  endfacet
  facet normal 0 0 -1
    outer loop
      vertex -15.974999999999998 -2.5349999999999993 0.25
      vertex -12.825 -1.2549999999999994 0.25
      vertex -12.825 -2.534999999999999 0.25
    endloop
  endfacet
  facet normal 0 0 -1
    outer loop
      vertex -15.974999999999998 -2.5349999999999993 0.25
      vertex -12.825 -0.0249999999999988 0.25
      vertex -12.825 -1.2549999999999994 0.25
    endloop
  endfacet
  facet normal 0 0 1
    outer loop
      vertex -17.305 -0.0249999999999988 0.4
      vertex -11.544999999999996 -2.5349999999999993 0.4
      vertex -11.544999999999996 -0.0249999999999988 0.4
    endloop
  endfacet
  facet normal 1 -1.387778780781445e-15 7.105427357601e-15
    outer loop
      vertex -15.975 0.025000000000000577 0.25
      vertex -15.974999999999998 0.0250000000000008 0
      vertex -15.974999999999998 1.305000000000001 0.25
    endloop
  endfacet
  facet normal 1 0 0
    outer loop
      vertex -15.974999999999998 1.305000000000001 0.25
      vertex -15.974999999999998 0.0250000000000008 0
      vertex -15.974999999999998 1.305000000000001 0
    endloop
  endfacet
  facet normal -1 0 0
    outer loop
      vertex -12.825 -0.0249999999999988 0.25
      vertex -12.825 1.305000000000001 0.25
      vertex -12.825 -0.024999999999999023 0
    endloop
  endfacet
  facet normal -1 0 0
    outer loop
      vertex -12.825 1.305000000000001 0.25
      vertex -12.825 1.305000000000001 0
      vertex -12.825 -0.024999999999999023 0
    endloop
  endfacet
  facet normal 1 0 0
    outer loop
      vertex -15.974999999999998 1.305000000000001 0.25
      vertex -15.974999999999998 1.305000000000001 0
      vertex -15.974999999999998 2.5850000000000013 0
    endloop
  endfacet
  facet normal 1 0 0
    outer loop
      vertex -15.974999999999998 1.305000000000001 0.25
      vertex -15.974999999999998 2.5850000000000013 0
      vertex -15.974999999999998 2.5350000000000015 0.25
    endloop
  endfacet
  facet normal 1 3.552713678800545e-14 7.105427357601065e-15
    outer loop
      vertex -15.974999999999998 2.5350000000000015 0.25
      vertex -15.974999999999998 2.5850000000000013 0
      vertex -15.975 2.585000000000001 0.25
    endloop
  endfacet
  facet normal -1 0 0
    outer loop
      vertex -12.825 2.535 0.25
      vertex -12.825 2.5349999999999997 0
      vertex -12.825 1.305000000000001 0
    endloop
  endfacet
  facet normal -1 0 0
    outer loop
      vertex -12.825 1.305000000000001 0.25
      vertex -12.825 2.535 0.25
      vertex -12.825 1.305000000000001 0
    endloop
  endfacet
  facet normal 0 0 1
    outer loop
      vertex -17.305 -0.0249999999999988 0.4
      vertex -11.544999999999996 -0.0249999999999988 0.4
      vertex -11.544999999999996 0.025000000000000633 0.4
    endloop
  endfacet
  facet normal 0 0 -1
    outer loop
      vertex -15.974999999999998 -0.024999999999997358 0.25
      vertex -15.975 0.025000000000000577 0.25
      vertex -12.825 2.535 0.25
    endloop
  endfacet
  facet normal 0 0 -1
    outer loop
      vertex -15.975 0.025000000000000577 0.25
      vertex -15.974999999999998 1.305000000000001 0.25
      vertex -12.825 2.535 0.25
    endloop
  endfacet
  facet normal -1 0 0
    outer loop
      vertex -17.305 -0.0249999999999988 0.35
      vertex -17.305 -0.0249999999999988 0.4
      vertex -17.305 2.535 0.4
    endloop
  endfacet
  facet normal 0 0 1
    outer loop
      vertex -17.305 -0.0249999999999988 0.4
      vertex -11.544999999999996 0.025000000000000633 0.4
      vertex -17.305 2.535 0.4
    endloop
  endfacet
  facet normal 0 0 -1
    outer loop
      vertex -15.974999999999998 1.305000000000001 0.25
      vertex -15.974999999999998 2.5350000000000015 0.25
      vertex -12.825 2.535 0.25
    endloop
  endfacet
  facet normal -1 0 0
    outer loop
      vertex -17.305 -0.0249999999999988 0.35
      vertex -17.305 2.535 0.4
      vertex -17.305 2.535 0.35
    endloop
  endfacet
  facet normal 0 0 -1
    outer loop
      vertex -15.974999999999998 -0.024999999999997358 0.25
      vertex -12.825 1.305000000000001 0.25
      vertex -12.825 -0.0249999999999988 0.25
    endloop
  endfacet
  facet normal 0 0 -1
    outer loop
      vertex -15.974999999999998 -0.024999999999997358 0.25
      vertex -12.825 2.535 0.25
      vertex -12.825 1.305000000000001 0.25
    endloop
  endfacet
  facet normal 0 0 1
    outer loop
      vertex -17.305 2.535 0.4
      vertex -11.544999999999996 0.025000000000000633 0.4
      vertex -11.544999999999996 2.535 0.4
    endloop
  endfacet
  facet normal 1 0 0
    outer loop
      vertex -15.974999999999998 3.8649999999999998 0.25
      vertex -15.974999999999998 2.5850000000000013 0
      vertex -15.974999999999998 3.8649999999999998 0
    endloop
  endfacet
  facet normal 1 -1.3877787807814469e-15 7.1054273576009995e-15
    outer loop
      vertex -15.975 2.585000000000001 0.25
      vertex -15.974999999999998 2.5850000000000013 0
      vertex -15.974999999999998 3.8649999999999998 0.25
    endloop
  endfacet
  facet normal -1 0 0
    outer loop
      vertex -12.825 3.8649999999999998 0.25
      vertex -12.825 3.8649999999999998 0
      vertex -12.825 2.5349999999999997 0
    endloop
  endfacet
  facet normal -1 0 0
    outer loop
      vertex -12.825 2.535 0.25
      vertex -12.825 3.8649999999999998 0.25
      vertex -12.825 2.5349999999999997 0
    endloop
  endfacet
  facet normal 1 0 0
    outer loop
      vertex -15.974999999999998 3.8649999999999998 0.25
      vertex -15.974999999999998 3.8649999999999998 0
      vertex -15.974999999999998 5.145 0
    endloop
  endfacet
  facet normal 1 0 0
    outer loop
      vertex -15.974999999999998 3.8649999999999998 0.25
      vertex -15.974999999999998 5.145 0
      vertex -15.974999999999998 5.145 0.25
    endloop
  endfacet
  facet normal 0 1 0
    outer loop
      vertex -17.305 5.145 0.25
      vertex -15.974999999999998 5.145 0
      vertex -17.305 5.145 0
    endloop
  endfacet
  facet normal 0 1 0
    outer loop
      vertex -17.305 5.145 0.25
      vertex -15.974999999999998 5.145 0.25
      vertex -15.974999999999998 5.145 0
    endloop
  endfacet
  facet normal -1 0 0
    outer loop
      vertex -12.825 5.145 0.25
      vertex -12.825 5.145 0
      vertex -12.825 3.8649999999999998 0
    endloop
  endfacet
  facet normal -1 0 0
    outer loop
      vertex -12.825 3.8649999999999998 0.25
      vertex -12.825 5.145 0.25
      vertex -12.825 3.8649999999999998 0
    endloop
  endfacet
  facet normal 0 1 0
    outer loop
      vertex -11.544999999999998 5.145 0.25
      vertex -11.544999999999998 5.145 0
      vertex -12.825 5.145 0
    endloop
  endfacet
  facet normal 0 1 0
    outer loop
      vertex -12.825 5.145 0.25
      vertex -11.544999999999998 5.145 0.25
      vertex -12.825 5.145 0
    endloop
  endfacet
  facet normal 0 0 -1
    outer loop
      vertex -15.974999999999998 2.5350000000000015 0.25
      vertex -15.975 2.585000000000001 0.25
      vertex -12.825 5.145 0.25
    endloop
  endfacet
  facet normal 0 0 -1
    outer loop
      vertex -15.975 2.585000000000001 0.25
      vertex -15.974999999999998 3.8649999999999998 0.25
      vertex -12.825 5.145 0.25
    endloop
  endfacet
  facet normal -1 0 0
    outer loop
      vertex -17.305 2.535 0.35
      vertex -17.305 2.535 0.4
      vertex -17.305 5.145 0.4
    endloop
  endfacet
  facet normal 0 0 1
    outer loop
      vertex -17.305 2.535 0.4
      vertex -11.544999999999996 2.535 0.4
      vertex -17.305 5.145 0.4
    endloop
  endfacet
  facet normal 0 0 -1
    outer loop
      vertex -15.974999999999998 3.8649999999999998 0.25
      vertex -15.974999999999998 5.145 0.25
      vertex -12.825 5.145 0.25
    endloop
  endfacet
  facet normal 0 1 0
    outer loop
      vertex -17.305 5.145 0.25
      vertex -17.305 5.145 0.35
      vertex -15.974999999999998 5.145 0.25
    endloop
  endfacet
  facet normal 0 1 0
    outer loop
      vertex -15.974999999999998 5.145 0.25
      vertex -17.305 5.145 0.35
      vertex -17.305 5.145 0.4
    endloop
  endfacet
  facet normal 0 1 0
    outer loop
      vertex -15.974999999999998 5.145 0.25
      vertex -17.305 5.145 0.4
      vertex -12.825 5.145 0.25
    endloop
  endfacet
  facet normal -1 0 0
    outer loop
      vertex -17.305 2.535 0.35
      vertex -17.305 5.145 0.4
      vertex -17.305 5.145 0.35
    endloop
  endfacet
  facet normal 0 0 -1
    outer loop
      vertex -15.974999999999998 2.5350000000000015 0.25
      vertex -12.825 3.8649999999999998 0.25
      vertex -12.825 2.535 0.25
    endloop
  endfacet
  facet normal 0 0 -1
    outer loop
      vertex -15.974999999999998 2.5350000000000015 0.25
      vertex -12.825 5.145 0.25
      vertex -12.825 3.8649999999999998 0.25
    endloop
  endfacet
  facet normal 0 0 1
    outer loop
      vertex -17.305 5.145 0.4
      vertex -11.544999999999996 2.535 0.4
      vertex -11.544999999999996 2.585000000000001 0.4
    endloop
  endfacet
  facet normal 0 1 0
    outer loop
      vertex -12.825 5.145 0.25
      vertex -11.544999999999996 5.145 0.4
      vertex -11.544999999999998 5.145 0.25
    endloop
  endfacet
  facet normal 0 0 1
    outer loop
      vertex -17.305 5.145 0.4
      vertex -11.544999999999996 2.585000000000001 0.4
      vertex -11.544999999999996 5.145 0.4
    endloop
  endfacet
  facet normal 0 1 0
    outer loop
      vertex -12.825 5.145 0.25
      vertex -17.305 5.145 0.4
      vertex -11.544999999999996 5.145 0.4
    endloop
  endfacet
  facet normal 0 -1 3.552713678800501e-15
    outer loop
      vertex -11.544999999999996 -5.144999999999999 0.25
      vertex -11.544999999999998 -5.145 0
      vertex -10.214999999999998 -5.144999999999999 0.25
    endloop
  endfacet
  facet normal 0 -1 3.552713678800501e-15
    outer loop
      vertex -10.214999999999998 -5.144999999999999 0.25
      vertex -11.544999999999998 -5.145 0
      vertex -10.214999999999996 -5.145 0
    endloop
  endfacet
  facet normal 1 0 7.105427357601002e-15
    outer loop
      vertex -10.214999999999998 -5.144999999999999 0.25
      vertex -10.214999999999996 -5.145 0
      vertex -10.214999999999996 -3.814999999999999 0
    endloop
  endfacet
  facet normal 1 -1.3356066461656024e-15 0
    outer loop
      vertex -10.214999999999998 -5.144999999999999 0.25
      vertex -10.214999999999996 -3.814999999999999 0
      vertex -10.214999999999996 -3.814999999999999 0.24999999999999997
    endloop
  endfacet
  facet normal 0 -1 3.552713678800501e-15
    outer loop
      vertex -5.784999999999998 -5.144999999999999 0.25
      vertex -7.064999999999997 -5.145 0
      vertex -5.784999999999999 -5.145 0
    endloop
  endfacet
  facet normal -7.703719777548954e-32 -1 3.552713678800502e-15
    outer loop
      vertex -7.064999999999997 -5.144999999999999 0.24999999999999997
      vertex -7.064999999999997 -5.145 0
      vertex -5.784999999999998 -5.144999999999999 0.25
    endloop
  endfacet
  facet normal -1 0 0
    outer loop
      vertex -7.064999999999997 -5.144999999999999 0.24999999999999997
      vertex -7.064999999999997 -3.814999999999999 0.24999999999999997
      vertex -7.064999999999997 -5.145 0
    endloop
  endfacet
  facet normal -1 0 0
    outer loop
      vertex -7.064999999999997 -3.814999999999999 0.24999999999999997
      vertex -7.064999999999997 -3.814999999999999 0
      vertex -7.064999999999997 -5.145 0
    endloop
  endfacet
  facet normal 1 0 0
    outer loop
      vertex -10.214999999999996 -3.814999999999999 0.24999999999999997
      vertex -10.214999999999996 -3.814999999999999 0
      vertex -10.214999999999996 -2.534999999999999 0
    endloop
  endfacet
  facet normal 1 0 0
    outer loop
      vertex -10.214999999999996 -3.814999999999999 0.24999999999999997
      vertex -10.214999999999996 -2.534999999999999 0
      vertex -10.214999999999996 -2.5349999999999993 0.25
    endloop
  endfacet
  facet normal -1 0 0
    outer loop
      vertex -7.064999999999997 -3.814999999999999 0.24999999999999997
      vertex -7.064999999999997 -2.584999999999999 0.24999999999999997
      vertex -7.064999999999997 -3.814999999999999 0
    endloop
  endfacet
  facet normal -1 0 0
    outer loop
      vertex -7.064999999999997 -2.534999999999999 0.24999999999999997
      vertex -7.064999999999997 -2.534999999999999 0
      vertex -7.064999999999997 -3.814999999999999 0
    endloop
  endfacet
  facet normal -1 0 0
    outer loop
      vertex -7.064999999999997 -2.584999999999999 0.24999999999999997
      vertex -7.064999999999997 -2.534999999999999 0.24999999999999997
      vertex -7.064999999999997 -3.814999999999999 0
    endloop
  endfacet
  facet normal 0 -1 0
    outer loop
      vertex -11.544999999999996 -5.144999999999999 0.25
      vertex -10.214999999999998 -5.144999999999999 0.25
      vertex -5.734999999999998 -5.144999999999999 0.44999999999999996
    endloop
  endfacet
  facet normal 0 -1 0
    outer loop
      vertex -10.214999999999998 -5.144999999999999 0.25
      vertex -7.064999999999997 -5.144999999999999 0.24999999999999997
      vertex -5.734999999999998 -5.144999999999999 0.44999999999999996
    endloop
  endfacet
  facet normal -8.811293846231398e-18 0 -1
    outer loop
      vertex -10.214999999999998 -5.144999999999999 0.25
      vertex -7.064999999999997 -3.814999999999999 0.24999999999999997
      vertex -7.064999999999997 -5.144999999999999 0.24999999999999997
    endloop
  endfacet
  facet normal -1 0 0
    outer loop
      vertex -11.544999999999996 -5.144999999999999 0.4
      vertex -11.544999999999996 -5.144999999999999 0.44999999999999996
      vertex -11.544999999999996 -2.5349999999999993 0.44999999999999996
    endloop
  endfacet
  facet normal 0 -1 0
    outer loop
      vertex -11.544999999999996 -5.144999999999999 0.25
      vertex -5.734999999999998 -5.144999999999999 0.44999999999999996
      vertex -11.544999999999996 -5.144999999999999 0.4
    endloop
  endfacet
  facet normal 0 -1 0
    outer loop
      vertex -11.544999999999996 -5.144999999999999 0.4
      vertex -5.784999999999998 -5.144999999999999 0.44999999999999996
      vertex -11.544999999999996 -5.144999999999999 0.44999999999999996
    endloop
  endfacet
  facet normal 0 -1 0
    outer loop
      vertex -11.544999999999996 -5.144999999999999 0.4
      vertex -5.734999999999998 -5.144999999999999 0.44999999999999996
      vertex -5.784999999999998 -5.144999999999999 0.44999999999999996
    endloop
  endfacet
  facet normal 0 0 1
    outer loop
      vertex -11.544999999999996 -5.144999999999999 0.44999999999999996
      vertex -5.784999999999998 -5.144999999999999 0.44999999999999996
      vertex -5.784999999999998 -2.5349999999999993 0.44999999999999996
    endloop
  endfacet
  facet normal 8.148790549522281e-18 -2.0868853846337543e-17 -1
    outer loop
      vertex -10.214999999999998 -5.144999999999999 0.25
      vertex -10.214999999999996 -3.814999999999999 0.24999999999999997
      vertex -7.064999999999997 -2.584999999999999 0.24999999999999997
    endloop
  endfacet
  facet normal -8.811293846231399e-18 0 -1
    outer loop
      vertex -10.214999999999998 -5.144999999999999 0.25
      vertex -7.064999999999997 -2.584999999999999 0.24999999999999997
      vertex -7.064999999999997 -3.814999999999999 0.24999999999999997
    endloop
  endfacet
  facet normal 7.163653533521443e-19 2.1684043449710092e-17 -1
    outer loop
      vertex -10.214999999999996 -3.814999999999999 0.24999999999999997
      vertex -10.214999999999996 -2.5349999999999993 0.25
      vertex -8.701523437499997 -2.584999999999999 0.25
    endloop
  endfacet
  facet normal -1.6960084395753673e-17 4.343436247693013e-17 -1
    outer loop
      vertex -10.214999999999996 -3.814999999999999 0.24999999999999997
      vertex -8.701523437499997 -2.584999999999999 0.25
      vertex -7.064999999999997 -2.584999999999999 0.24999999999999997
    endloop
  endfacet
  facet normal -1 0 0
    outer loop
      vertex -11.544999999999996 -5.144999999999999 0.4
      vertex -11.544999999999996 -2.5349999999999993 0.44999999999999996
      vertex -11.544999999999996 -2.5349999999999993 0.4
    endloop
  endfacet
  facet normal 0 0 1
    outer loop
      vertex -11.544999999999996 -5.144999999999999 0.44999999999999996
      vertex -5.784999999999998 -2.5349999999999993 0.44999999999999996
      vertex -11.544999999999996 -2.5349999999999993 0.44999999999999996
    endloop
  endfacet
  facet normal 0 -1 0
    outer loop
      vertex -7.064999999999997 -5.144999999999999 0.24999999999999997
      vertex -5.784999999999998 -5.144999999999999 0.25
      vertex -5.734999999999998 -5.144999999999999 0.44999999999999996
    endloop
  endfacet
  facet normal 0 -1 0
    outer loop
      vertex -5.784999999999998 -5.144999999999999 0.25
      vertex -5.734999999999998 -5.144999999999999 0.25
      vertex -5.734999999999998 -5.144999999999999 0.44999999999999996
    endloop
  endfacet
  facet normal 0 0 -1
    outer loop
      vertex -8.701523437499997 -2.584999999999999 0.25
      vertex -10.214999999999996 -2.5349999999999993 0.25
      vertex -8.580789473684208 -2.5349999999999993 0.25
    endloop
  endfacet
  facet normal 1 0 0
    outer loop
      vertex -10.214999999999996 -2.5349999999999993 0.25
      vertex -10.214999999999996 -2.534999999999999 0
      vertex -10.214999999999996 -1.2549999999999994 0
    endloop
  endfacet
  facet normal 1 0 0
    outer loop
      vertex -10.214999999999996 -2.5349999999999993 0.25
      vertex -10.214999999999996 -1.2549999999999994 0
      vertex -10.214999999999996 -1.2549999999999994 0.24999999999999997
    endloop
  endfacet
  facet normal -1 0 0
    outer loop
      vertex -7.064999999999997 -2.534999999999999 0.24999999999999997
      vertex -7.064999999999997 -1.2549999999999994 0.24999999999999997
      vertex -7.064999999999997 -2.534999999999999 0
    endloop
  endfacet
  facet normal -1 0 0
    outer loop
      vertex -7.064999999999997 -1.2549999999999994 0.24999999999999997
      vertex -7.064999999999997 -1.2549999999999994 0
      vertex -7.064999999999997 -2.534999999999999 0
    endloop
  endfacet
  facet normal 1 0 0
    outer loop
      vertex -10.214999999999996 -1.2549999999999994 0.24999999999999997
      vertex -10.214999999999996 -1.2549999999999994 0
      vertex -10.214999999999996 0.0250000000000008 0
    endloop
  endfacet
  facet normal 1 0 0
    outer loop
      vertex -10.214999999999996 -1.2549999999999994 0.24999999999999997
      vertex -10.214999999999996 0.0250000000000008 0
      vertex -10.214999999999996 0.025000000000000577 0.24999999999999997
    endloop
  endfacet
  facet normal -1 0 0
    outer loop
      vertex -7.064999999999997 -1.2549999999999994 0.24999999999999997
      vertex -7.064999999999997 -0.0249999999999988 0.25
      vertex -7.064999999999997 -1.2549999999999994 0
    endloop
  endfacet
  facet normal -1 0 0
    outer loop
      vertex -7.064999999999997 -0.0249999999999988 0.25
      vertex -7.064999999999997 -0.024999999999999023 0
      vertex -7.064999999999997 -1.2549999999999994 0
    endloop
  endfacet
  facet normal -1.6960084395753673e-17 4.0953164314993307e-17 -1
    outer loop
      vertex -8.701523437499997 -2.584999999999999 0.25
      vertex -8.580789473684208 -2.5349999999999993 0.25
      vertex -7.064999999999997 -2.584999999999999 0.24999999999999997
    endloop
  endfacet
  facet normal 0 -2.1684043449710092e-17 -1
    outer loop
      vertex -10.214999999999996 -2.5349999999999993 0.25
      vertex -10.214999999999996 -1.2549999999999994 0.24999999999999997
      vertex -8.580789473684208 -2.5349999999999993 0.25
    endloop
  endfacet
  facet normal -1.8310970024199627e-17 0 -1
    outer loop
      vertex -7.064999999999997 -2.584999999999999 0.24999999999999997
      vertex -8.580789473684208 -2.5349999999999993 0.25
      vertex -7.064999999999997 -2.534999999999999 0.24999999999999997
    endloop
  endfacet
  facet normal -1.8310970024199627e-17 0 -1
    outer loop
      vertex -8.580789473684208 -2.5349999999999993 0.25
      vertex -7.064999999999997 -1.2549999999999994 0.24999999999999997
      vertex -7.064999999999997 -2.534999999999999 0.24999999999999997
    endloop
  endfacet
  facet normal 1.7649021838342963e-17 8.489387904440539e-19 -1
    outer loop
      vertex -8.580789473684208 -2.5349999999999993 0.25
      vertex -10.214999999999996 -1.2549999999999994 0.24999999999999997
      vertex -8.701523437499997 -0.0249999999999988 0.25
    endloop
  endfacet
  facet normal -1.7596232612612858e-17 -8.463995663527543e-19 -1
    outer loop
      vertex -8.580789473684208 -2.5349999999999993 0.25
      vertex -8.701523437499997 -0.0249999999999988 0.25
      vertex -7.064999999999997 -1.2549999999999994 0.24999999999999997
    endloop
  endfacet
  facet normal -1 0 0
    outer loop
      vertex -11.544999999999996 -2.5349999999999993 0.4
      vertex -11.544999999999996 -2.5349999999999993 0.44999999999999996
      vertex -11.544999999999996 -0.0249999999999988 0.44999999999999996
    endloop
  endfacet
  facet normal 0 0 1
    outer loop
      vertex -11.544999999999996 -2.5349999999999993 0.44999999999999996
      vertex -5.784999999999998 -2.5349999999999993 0.44999999999999996
      vertex -5.784999999999998 -0.0249999999999988 0.44999999999999996
    endloop
  endfacet
  facet normal 1.833895304581496e-17 0 -1
    outer loop
      vertex -10.214999999999996 -1.2549999999999994 0.24999999999999997
      vertex -10.214999999999996 0.025000000000000577 0.24999999999999997
      vertex -8.701523437499997 -0.0249999999999988 0.25
    endloop
  endfacet
  facet normal 1.6984088138388092e-17 -4.101112565488633e-17 -1
    outer loop
      vertex -8.701523437499997 -0.0249999999999988 0.25
      vertex -10.214999999999996 0.025000000000000577 0.24999999999999997
      vertex -8.58078947368421 0.025000000000000692 0.25
    endloop
  endfacet
  facet normal 0 2.25655086305926e-17 -1
    outer loop
      vertex -8.701523437499997 -0.0249999999999988 0.25
      vertex -7.064999999999997 -0.0249999999999988 0.25
      vertex -7.064999999999997 -1.2549999999999994 0.24999999999999997
    endloop
  endfacet
  facet normal -1 0 0
    outer loop
      vertex -11.544999999999996 -2.5349999999999993 0.4
      vertex -11.544999999999996 -0.024999999999998784 0.44218750000000007
      vertex -11.544999999999996 -0.0249999999999988 0.4
    endloop
  endfacet
  facet normal -1 0 0
    outer loop
      vertex -11.544999999999996 -2.5349999999999993 0.4
      vertex -11.544999999999996 -0.0249999999999988 0.44999999999999996
      vertex -11.544999999999996 -0.024999999999998784 0.44218750000000007
    endloop
  endfacet
  facet normal -1 0 0
    outer loop
      vertex -11.544999999999996 -0.0249999999999988 0.4
      vertex -11.544999999999996 0.025000000000000577 0.44999999999999996
      vertex -11.544999999999996 0.025000000000000633 0.4
    endloop
  endfacet
  facet normal -1 0 0
    outer loop
      vertex -11.544999999999996 -0.0249999999999988 0.4
      vertex -11.544999999999996 -0.024999999999998784 0.44218750000000007
      vertex -11.544999999999996 0.025000000000000577 0.44999999999999996
    endloop
  endfacet
  facet normal 0 0 1
    outer loop
      vertex -11.544999999999996 -2.5349999999999993 0.44999999999999996
      vertex -5.784999999999998 -0.0249999999999988 0.44999999999999996
      vertex -11.544999999999996 -0.0249999999999988 0.44999999999999996
    endloop
  endfacet
  facet normal 1 0 0
    outer loop
      vertex -10.214999999999996 0.025000000000000577 0.24999999999999997
      vertex -10.214999999999996 0.0250000000000008 0
      vertex -10.214999999999996 1.305000000000001 0.24999999999999997
    endloop
  endfacet
  facet normal 1 0 0
    outer loop
      vertex -10.214999999999996 1.305000000000001 0.24999999999999997
      vertex -10.214999999999996 0.0250000000000008 0
      vertex -10.214999999999996 1.305000000000001 0
    endloop
  endfacet
  facet normal -1 0 0
    outer loop
      vertex -7.064999999999997 -0.0249999999999988 0.25
      vertex -7.064999999999997 1.305000000000001 0.24999999999999997
      vertex -7.064999999999997 -0.024999999999999023 0
    endloop
  endfacet
  facet normal -1 0 0
    outer loop
      vertex -7.064999999999997 1.305000000000001 0.24999999999999997
      vertex -7.064999999999997 1.305000000000001 0
      vertex -7.064999999999997 -0.024999999999999023 0
    endloop
  endfacet
  facet normal 1 0 0
    outer loop
      vertex -10.214999999999996 1.305000000000001 0.24999999999999997
      vertex -10.214999999999996 1.305000000000001 0
      vertex -10.214999999999996 2.5850000000000013 0
    endloop
  endfacet
  facet normal 1 0 0
    outer loop
      vertex -10.214999999999996 1.305000000000001 0.24999999999999997
      vertex -10.214999999999996 2.5850000000000013 0
      vertex -10.214999999999996 2.585000000000001 0.24999999999999997
    endloop
  endfacet
  facet normal -1 0 0
    outer loop
      vertex -7.064999999999997 2.535 0.25
      vertex -7.064999999999997 2.5349999999999997 0
      vertex -7.064999999999997 1.305000000000001 0
    endloop
  endfacet
  facet normal -1 0 0
    outer loop
      vertex -7.064999999999997 1.305000000000001 0.24999999999999997
      vertex -7.064999999999997 2.535 0.25
      vertex -7.064999999999997 1.305000000000001 0
    endloop
  endfacet
  facet normal 0 0 -1
    outer loop
      vertex -8.701523437499997 -0.0249999999999988 0.25
      vertex -8.58078947368421 0.025000000000000692 0.25
      vertex -7.064999999999997 -0.0249999999999988 0.25
    endloop
  endfacet
  facet normal -1 0 0
    outer loop
      vertex -11.544999999999996 -0.024999999999998784 0.44218750000000007
      vertex -11.544999999999996 -0.0249999999999988 0.44999999999999996
      vertex -11.544999999999996 0.025000000000000577 0.44999999999999996
    endloop
  endfacet
  facet normal 0 0 1
    outer loop
      vertex -11.544999999999996 -0.0249999999999988 0.44999999999999996
      vertex -5.784999999999998 -0.0249999999999988 0.44999999999999996
      vertex -5.784999999999998 0.025000000000000622 0.44999999999999996
    endloop
  endfacet
  facet normal 1.6984088138388092e-17 -4.179677940306442e-17 -1
    outer loop
      vertex -10.214999999999996 0.025000000000000577 0.24999999999999997
      vertex -7.064999999999997 1.305000000000001 0.24999999999999997
      vertex -8.58078947368421 0.025000000000000692 0.25
    endloop
  endfacet
  facet normal -6.883823317368203e-19 -2.086885384633753e-17 -1
    outer loop
      vertex -7.064999999999997 -0.0249999999999988 0.25
      vertex -8.58078947368421 0.025000000000000692 0.25
      vertex -7.064999999999997 1.305000000000001 0.24999999999999997
    endloop
  endfacet
  facet normal 1.833895304581496e-17 0 -1
    outer loop
      vertex -10.214999999999996 0.025000000000000577 0.24999999999999997
      vertex -10.214999999999996 1.305000000000001 0.24999999999999997
      vertex -8.701523437499997 2.535 0.25
    endloop
  endfacet
  facet normal -5.951691885581109e-18 1.4646741749672253e-17 -1
    outer loop
      vertex -10.214999999999996 0.025000000000000577 0.24999999999999997
      vertex -8.701523437499997 2.535 0.25
      vertex -7.064999999999997 1.305000000000001 0.24999999999999997
    endloop
  endfacet
  facet normal -1 0 0
    outer loop
      vertex -11.544999999999996 0.025000000000000633 0.4
      vertex -11.544999999999996 0.025000000000000577 0.44999999999999996
      vertex -11.544999999999996 2.535 0.44999999999999996
    endloop
  endfacet
  facet normal 0 0 1
    outer loop
      vertex -11.544999999999996 -0.0249999999999988 0.44999999999999996
      vertex -5.784999999999998 2.535 0.44999999999999996
      vertex -11.544999999999996 0.025000000000000577 0.44999999999999996
    endloop
  endfacet
  facet normal 0 0 1
    outer loop
      vertex -11.544999999999996 -0.0249999999999988 0.44999999999999996
      vertex -5.784999999999998 0.025000000000000622 0.44999999999999996
      vertex -5.784999999999998 2.535 0.44999999999999996
    endloop
  endfacet
  facet normal 1.8338953045814956e-17 0 -1
    outer loop
      vertex -10.214999999999996 1.305000000000001 0.24999999999999997
      vertex -10.214999999999996 2.585000000000001 0.24999999999999997
      vertex -8.701523437499997 2.535 0.25
    endloop
  endfacet
  facet normal 0 2.256550863059263e-17 -1
    outer loop
      vertex -8.701523437499997 2.535 0.25
      vertex -7.064999999999997 2.535 0.25
      vertex -7.064999999999997 1.305000000000001 0.24999999999999997
    endloop
  endfacet
  facet normal 1.698408813838807e-17 -4.101112565488588e-17 -1
    outer loop
      vertex -8.701523437499997 2.535 0.25
      vertex -10.214999999999996 2.585000000000001 0.24999999999999997
      vertex -8.580789473684208 2.585000000000001 0.25
    endloop
  endfacet
  facet normal -1 0 0
    outer loop
      vertex -11.544999999999996 0.025000000000000633 0.4
      vertex -11.544999999999996 2.535 0.44218749999999984
      vertex -11.544999999999996 2.535 0.4
    endloop
  endfacet
  facet normal -1 0 0
    outer loop
      vertex -11.544999999999996 0.025000000000000633 0.4
      vertex -11.544999999999996 2.535 0.44999999999999996
      vertex -11.544999999999996 2.535 0.44218749999999984
    endloop
  endfacet
  facet normal -1 0 0
    outer loop
      vertex -11.544999999999996 2.535 0.4
      vertex -11.544999999999996 2.585000000000001 0.44999999999999996
      vertex -11.544999999999996 2.585000000000001 0.4
    endloop
  endfacet
  facet normal -1 0 0
    outer loop
      vertex -11.544999999999996 2.535 0.4
      vertex -11.544999999999996 2.535 0.44218749999999984
      vertex -11.544999999999996 2.585000000000001 0.44999999999999996
    endloop
  endfacet
  facet normal 0 0 1
    outer loop
      vertex -11.544999999999996 0.025000000000000577 0.44999999999999996
      vertex -5.784999999999998 2.535 0.44999999999999996
      vertex -11.544999999999996 2.535 0.44999999999999996
    endloop
  endfacet
  facet normal 1 0 0
    outer loop
      vertex -10.214999999999996 3.8649999999999998 0.24999999999999997
      vertex -10.214999999999996 2.5850000000000013 0
      vertex -10.214999999999996 3.8649999999999998 0
    endloop
  endfacet
  facet normal 1 0 0
    outer loop
      vertex -10.214999999999996 2.585000000000001 0.24999999999999997
      vertex -10.214999999999996 2.5850000000000013 0
      vertex -10.214999999999996 3.8649999999999998 0.24999999999999997
    endloop
  endfacet
  facet normal -1 0 0
    outer loop
      vertex -7.064999999999997 3.8649999999999998 0.24999999999999997
      vertex -7.064999999999997 3.8649999999999998 0
      vertex -7.064999999999997 2.5349999999999997 0
    endloop
  endfacet
  facet normal -1 0 0
    outer loop
      vertex -7.064999999999997 2.535 0.25
      vertex -7.064999999999997 3.8649999999999998 0.24999999999999997
      vertex -7.064999999999997 2.5349999999999997 0
    endloop
  endfacet
  facet normal 0 1 0
    outer loop
      vertex -11.544999999999998 5.145 0.25
      vertex -10.214999999999996 5.145 0
      vertex -11.544999999999998 5.145 0
    endloop
  endfacet
  facet normal 1 0 0
    outer loop
      vertex -10.214999999999996 3.8649999999999998 0.24999999999999997
      vertex -10.214999999999996 3.8649999999999998 0
      vertex -10.214999999999996 5.145 0
    endloop
  endfacet
  facet normal 1 0 0
    outer loop
      vertex -10.214999999999996 3.8649999999999998 0.24999999999999997
      vertex -10.214999999999996 5.145 0
      vertex -10.214999999999996 5.145 0.24999999999999997
    endloop
  endfacet
  facet normal 0 1 0
    outer loop
      vertex -11.544999999999998 5.145 0.25
      vertex -10.214999999999996 5.145 0.24999999999999997
      vertex -10.214999999999996 5.145 0
    endloop
  endfacet
  facet normal -1 0 0
    outer loop
      vertex -7.064999999999997 5.145 0.25
      vertex -7.064999999999997 5.145 0
      vertex -7.064999999999997 3.8649999999999998 0
    endloop
  endfacet
  facet normal -1 0 0
    outer loop
      vertex -7.064999999999997 3.8649999999999998 0.24999999999999997
      vertex -7.064999999999997 5.145 0.25
      vertex -7.064999999999997 3.8649999999999998 0
    endloop
  endfacet
  facet normal 0 1 0
    outer loop
      vertex -7.064999999999997 5.145 0.25
      vertex -5.734999999999997 5.145 0
      vertex -7.064999999999997 5.145 0
    endloop
  endfacet
  facet normal 0 1 0
    outer loop
      vertex -7.064999999999997 5.145 0.25
      vertex -5.734999999999998 5.145 0.25
      vertex -5.734999999999997 5.145 0
    endloop
  endfacet
  facet normal 0 0 -1
    outer loop
      vertex -8.701523437499997 2.535 0.25
      vertex -8.580789473684208 2.585000000000001 0.25
      vertex -7.064999999999997 2.535 0.25
    endloop
  endfacet
  facet normal -1 0 0
    outer loop
      vertex -11.544999999999996 2.535 0.44218749999999984
      vertex -11.544999999999996 2.535 0.44999999999999996
      vertex -11.544999999999996 2.585000000000001 0.44999999999999996
    endloop
  endfacet
  facet normal 0 0 1
    outer loop
      vertex -11.544999999999996 2.535 0.44999999999999996
      vertex -5.784999999999998 2.585000000000001 0.44999999999999996
      vertex -11.544999999999996 2.585000000000001 0.44999999999999996
    endloop
  endfacet
  facet normal 0 0 1
    outer loop
      vertex -11.544999999999996 2.535 0.44999999999999996
      vertex -5.784999999999998 2.535 0.44999999999999996
      vertex -5.784999999999998 2.585000000000001 0.44999999999999996
    endloop
  endfacet
  facet normal 1.698408813838807e-17 -4.179677940306442e-17 -1
    outer loop
      vertex -10.214999999999996 2.585000000000001 0.24999999999999997
      vertex -7.064999999999997 3.8649999999999998 0.24999999999999997
      vertex -8.580789473684208 2.585000000000001 0.25
    endloop
  endfacet
  facet normal -6.88382331736838e-19 -2.0868853846337534e-17 -1
    outer loop
      vertex -7.064999999999997 2.535 0.25
      vertex -8.580789473684208 2.585000000000001 0.25
      vertex -7.064999999999997 3.8649999999999998 0.24999999999999997
    endloop
  endfacet
  facet normal 8.811293846231404e-18 0 -1
    outer loop
      vertex -10.214999999999996 2.585000000000001 0.24999999999999997
      vertex -10.214999999999996 3.8649999999999998 0.24999999999999997
      vertex -7.064999999999997 5.145 0.25
    endloop
  endfacet
  facet normal -8.811293846231396e-18 2.168404344971009e-17 -1
    outer loop
      vertex -10.214999999999996 2.585000000000001 0.24999999999999997
      vertex -7.064999999999997 5.145 0.25
      vertex -7.064999999999997 3.8649999999999998 0.24999999999999997
    endloop
  endfacet
  facet normal -1 0 0
    outer loop
      vertex -11.544999999999996 2.585000000000001 0.4
      vertex -11.544999999999996 2.585000000000001 0.44999999999999996
      vertex -11.544999999999996 5.145 0.44999999999999996
    endloop
  endfacet
  facet normal 0 0 1
    outer loop
      vertex -11.544999999999996 2.585000000000001 0.44999999999999996
      vertex -5.784999999999998 2.585000000000001 0.44999999999999996
      vertex -11.544999999999996 5.145 0.44999999999999996
    endloop
  endfacet
  facet normal 0 1 0
    outer loop
      vertex -11.544999999999998 5.145 0.25
      vertex -11.544999999999996 5.145 0.4
      vertex -10.214999999999996 5.145 0.24999999999999997
    endloop
  endfacet
  facet normal 8.811293846231402e-18 0 -1
    outer loop
      vertex -10.214999999999996 3.8649999999999998 0.24999999999999997
      vertex -10.214999999999996 5.145 0.24999999999999997
      vertex -7.064999999999997 5.145 0.25
    endloop
  endfacet
  facet normal 0 1 0
    outer loop
      vertex -10.214999999999996 5.145 0.24999999999999997
      vertex -11.544999999999996 5.145 0.44999999999999996
      vertex -7.064999999999997 5.145 0.25
    endloop
  endfacet
  facet normal 0 1 0
    outer loop
      vertex -7.064999999999997 5.145 0.25
      vertex -11.544999999999996 5.145 0.44999999999999996
      vertex -5.734999999999998 5.145 0.25
    endloop
  endfacet
  facet normal -1 0 0
    outer loop
      vertex -11.544999999999996 2.585000000000001 0.4
      vertex -11.544999999999996 5.145 0.44999999999999996
      vertex -11.544999999999996 5.145 0.4
    endloop
  endfacet
  facet normal 0 1 0
    outer loop
      vertex -10.214999999999996 5.145 0.24999999999999997
      vertex -11.544999999999996 5.145 0.4
      vertex -11.544999999999996 5.145 0.44999999999999996
    endloop
  endfacet
  facet normal 0 0 1
    outer loop
      vertex -11.544999999999996 5.145 0.44999999999999996
      vertex -5.784999999999998 2.585000000000001 0.44999999999999996
      vertex -5.784999999999998 5.145 0.44999999999999996
    endloop
  endfacet
  facet normal 0 1 0
    outer loop
      vertex -5.734999999999998 5.145 0.25
      vertex -11.544999999999996 5.145 0.44999999999999996
      vertex -5.784999999999998 5.145 0.44999999999999996
    endloop
  endfacet
  facet normal 0 1 0
    outer loop
      vertex -5.734999999999998 5.145 0.25
      vertex -5.784999999999998 5.145 0.44999999999999996
      vertex -5.734999999999998 5.145 0.44999999999999996
    endloop
  endfacet
  facet normal 0 -1 3.552713678800501e-15
    outer loop
      vertex -4.454999999999999 -5.144999999999999 0.25
      vertex -5.784999999999999 -5.145 0
      vertex -4.454999999999999 -5.145 0
    endloop
  endfacet
  facet normal 1 0 0
    outer loop
      vertex -4.454999999999999 -5.144999999999999 0.25
      vertex -4.454999999999999 -5.145 0
      vertex -4.454999999999999 -3.814999999999999 0
    endloop
  endfacet
  facet normal 0 -1 3.552713678800501e-15
    outer loop
      vertex -5.784999999999998 -5.144999999999999 0.25
      vertex -5.784999999999999 -5.145 0
      vertex -5.734999999999998 -5.144999999999999 0.25
    endloop
  endfacet
  facet normal 0 -1 3.552713678800501e-15
    outer loop
      vertex -5.734999999999998 -5.144999999999999 0.25
      vertex -5.784999999999999 -5.145 0
      vertex -4.454999999999999 -5.144999999999999 0.25
    endloop
  endfacet
  facet normal 1 0 0
    outer loop
      vertex -4.454999999999999 -5.144999999999999 0.25
      vertex -4.454999999999999 -3.814999999999999 0
      vertex -4.454999999999999 -3.814999999999999 0.25
    endloop
  endfacet
  facet normal 0 -1 3.552713678800501e-15
    outer loop
      vertex -1.3049999999999988 -5.144999999999999 0.25
      vertex -1.3049999999999988 -5.145 0
      vertex -0.025000000000001243 -5.145 0
    endloop
  endfacet
  facet normal 0 -1 3.552713678800501e-15
    outer loop
      vertex -1.3049999999999988 -5.144999999999999 0.25
      vertex -0.025000000000001243 -5.145 0
      vertex -0.0250000000000008 -5.144999999999999 0.25
    endloop
  endfacet
  facet normal -1 0 0
    outer loop
      vertex -1.3049999999999988 -5.144999999999999 0.25
      vertex -1.3049999999999988 -3.814999999999999 0.25
      vertex -1.3049999999999988 -5.145 0
    endloop
  endfacet
  facet normal -1 0 0
    outer loop
      vertex -1.3049999999999988 -3.814999999999999 0.25
      vertex -1.3049999999999988 -3.814999999999999 0
      vertex -1.3049999999999988 -5.145 0
    endloop
  endfacet
  facet normal 1 0 0
    outer loop
      vertex -4.454999999999999 -3.814999999999999 0.25
      vertex -4.454999999999999 -3.814999999999999 0
      vertex -4.454999999999999 -2.534999999999999 0
    endloop
  endfacet
  facet normal 1 0 0
    outer loop
      vertex -4.454999999999999 -3.814999999999999 0.25
      vertex -4.454999999999999 -2.534999999999999 0
      vertex -4.454999999999999 -2.5349999999999993 0.25
    endloop
  endfacet
  facet normal -1 0 0
    outer loop
      vertex -1.3049999999999988 -3.814999999999999 0.25
      vertex -1.3049999999999988 -2.534999999999999 0.25
      vertex -1.3049999999999988 -3.814999999999999 0
    endloop
  endfacet
  facet normal -1 0 0
    outer loop
      vertex -1.3049999999999988 -2.534999999999999 0.25
      vertex -1.3049999999999988 -2.534999999999999 0
      vertex -1.3049999999999988 -3.814999999999999 0
    endloop
  endfacet
  facet normal 0 -1 0
    outer loop
      vertex -5.734999999999998 -5.144999999999999 0.25
      vertex -4.454999999999999 -5.144999999999999 0.25
      vertex -5.734999999999998 -5.144999999999999 0.44999999999999996
    endloop
  endfacet
  facet normal 0 -1 0
    outer loop
      vertex -4.454999999999999 -5.144999999999999 0.25
      vertex -1.3049999999999988 -5.144999999999999 0.25
      vertex -5.734999999999998 -5.144999999999999 0.44999999999999996
    endloop
  endfacet
  facet normal 0 -1 0
    outer loop
      vertex -1.3049999999999988 -5.144999999999999 0.25
      vertex -0.0250000000000008 -5.144999999999999 0.25
      vertex -5.734999999999998 -5.144999999999999 0.44999999999999996
    endloop
  endfacet
  facet normal 0 0 -1
    outer loop
      vertex -4.454999999999999 -5.144999999999999 0.25
      vertex -1.3049999999999988 -3.814999999999999 0.25
      vertex -1.3049999999999988 -5.144999999999999 0.25
    endloop
  endfacet
  facet normal 0 -1 0
    outer loop
      vertex -5.784999999999998 -5.144999999999999 0.44999999999999996
      vertex -5.734999999999998 -5.144999999999999 0.44999999999999996
      vertex -5.784999999999998 -5.144999999999999 0.5
    endloop
  endfacet
  facet normal 0 -1 0
    outer loop
      vertex -5.734999999999998 -5.144999999999999 0.44999999999999996
      vertex -0.0250000000000008 -5.144999999999999 0.5
      vertex -5.784999999999998 -5.144999999999999 0.5
    endloop
  endfacet
  facet normal -1 0 0
    outer loop
      vertex -5.784999999999998 -5.144999999999999 0.44999999999999996
      vertex -5.784999999999998 -5.144999999999999 0.5
      vertex -5.784999999999998 -2.5349999999999993 0.44999999999999996
    endloop
  endfacet
  facet normal 0 0 1
    outer loop
      vertex -5.784999999999998 -5.144999999999999 0.5
      vertex -0.0250000000000008 -5.144999999999999 0.5
      vertex -5.784999999999998 -2.5349999999999993 0.5
    endloop
  endfacet
  facet normal 0 -1 0
    outer loop
      vertex -0.0250000000000008 -5.144999999999999 0.25
      vertex -0.0250000000000008 -5.144999999999999 0.5
      vertex -5.734999999999998 -5.144999999999999 0.44999999999999996
    endloop
  endfacet
  facet normal 0 0 -1
    outer loop
      vertex -4.454999999999999 -5.144999999999999 0.25
      vertex -4.454999999999999 -3.814999999999999 0.25
      vertex -1.3049999999999988 -2.534999999999999 0.25
    endloop
  endfacet
  facet normal 0 0 -1
    outer loop
      vertex -4.454999999999999 -5.144999999999999 0.25
      vertex -1.3049999999999988 -2.534999999999999 0.25
      vertex -1.3049999999999988 -3.814999999999999 0.25
    endloop
  endfacet
  facet normal 0 0 -1
    outer loop
      vertex -4.454999999999999 -3.814999999999999 0.25
      vertex -4.454999999999999 -2.5349999999999993 0.25
      vertex -1.3049999999999988 -2.534999999999999 0.25
    endloop
  endfacet
  facet normal -1 0 0
    outer loop
      vertex -5.784999999999998 -5.144999999999999 0.5
      vertex -5.784999999999998 -2.5349999999999993 0.5
      vertex -5.784999999999998 -2.5349999999999993 0.44999999999999996
    endloop
  endfacet
  facet normal 0 0 1
    outer loop
      vertex -0.0250000000000008 -5.144999999999999 0.5
      vertex -0.0250000000000008 -2.5349999999999993 0.5
      vertex -5.784999999999998 -2.5349999999999993 0.5
    endloop
  endfacet
  facet normal 1 0 0
    outer loop
      vertex -4.454999999999999 -2.5349999999999993 0.25
      vertex -4.454999999999999 -2.534999999999999 0
      vertex -4.454999999999999 -1.2549999999999994 0
    endloop
  endfacet
  facet normal 1 0 0
    outer loop
      vertex -4.454999999999999 -2.5349999999999993 0.25
      vertex -4.454999999999999 -1.2549999999999994 0
      vertex -4.454999999999999 -1.2549999999999994 0.25
    endloop
  endfacet
  facet normal -1 0 0
    outer loop
      vertex -1.3049999999999988 -2.534999999999999 0.25
      vertex -1.3049999999999988 -1.2549999999999994 0.25
      vertex -1.3049999999999988 -2.534999999999999 0
    endloop
  endfacet
  facet normal -1 0 0
    outer loop
      vertex -1.3049999999999988 -1.2549999999999994 0.25
      vertex -1.3049999999999988 -1.2549999999999994 0
      vertex -1.3049999999999988 -2.534999999999999 0
    endloop
  endfacet
  facet normal 1 0 0
    outer loop
      vertex -4.454999999999999 -1.2549999999999994 0.25
      vertex -4.454999999999999 -1.2549999999999994 0
      vertex -4.454999999999999 -0.024999999999999023 0
    endloop
  endfacet
  facet normal 1 0 0
    outer loop
      vertex -4.454999999999999 -1.2549999999999994 0.25
      vertex -4.454999999999999 -0.024999999999999023 0
      vertex -4.454999999999999 -0.0249999999999988 0.25
    endloop
  endfacet
  facet normal -1 0 0
    outer loop
      vertex -1.3049999999999988 -1.2549999999999994 0.25
      vertex -1.3049999999999988 -0.0249999999999988 0.25
      vertex -1.3049999999999988 -1.2549999999999994 0
    endloop
  endfacet
  facet normal -1 0 0
    outer loop
      vertex -1.3049999999999988 -0.0249999999999988 0.25
      vertex -1.3049999999999988 -0.024999999999999023 0
      vertex -1.3049999999999988 -1.2549999999999994 0
    endloop
  endfacet
  facet normal 0 0 -1
    outer loop
      vertex -4.454999999999999 -2.5349999999999993 0.25
      vertex -1.3049999999999988 -1.2549999999999994 0.25
      vertex -1.3049999999999988 -2.534999999999999 0.25
    endloop
  endfacet
  facet normal 0 0 -1
    outer loop
      vertex -4.454999999999999 -2.5349999999999993 0.25
      vertex -4.454999999999999 -1.2549999999999994 0.25
      vertex -1.3049999999999988 -0.0249999999999988 0.25
    endloop
  endfacet
  facet normal 0 0 -1
    outer loop
      vertex -4.454999999999999 -2.5349999999999993 0.25
      vertex -1.3049999999999988 -0.0249999999999988 0.25
      vertex -1.3049999999999988 -1.2549999999999994 0.25
    endloop
  endfacet
  facet normal -1 0 0
    outer loop
      vertex -5.784999999999998 -2.5349999999999993 0.44999999999999996
      vertex -5.784999999999998 -2.5349999999999993 0.5
      vertex -5.784999999999998 -0.0249999999999988 0.44999999999999996
    endloop
  endfacet
  facet normal 0 0 1
    outer loop
      vertex -5.784999999999998 -2.5349999999999993 0.5
      vertex -0.0250000000000008 -2.5349999999999993 0.5
      vertex -5.784999999999998 -0.0249999999999988 0.5
    endloop
  endfacet
  facet normal 0 0 -1
    outer loop
      vertex -4.454999999999999 -1.2549999999999994 0.25
      vertex -4.454999999999999 -0.0249999999999988 0.25
      vertex -1.3049999999999988 -0.0249999999999988 0.25
    endloop
  endfacet
  facet normal -1 0 0
    outer loop
      vertex -5.784999999999998 -2.5349999999999993 0.5
      vertex -5.784999999999998 -0.0249999999999988 0.4902343750000001
      vertex -5.784999999999998 -0.0249999999999988 0.44999999999999996
    endloop
  endfacet
  facet normal -1 0 0
    outer loop
      vertex -5.784999999999998 -2.5349999999999993 0.5
      vertex -5.784999999999998 -0.0249999999999988 0.5
      vertex -5.784999999999998 -0.0249999999999988 0.4902343750000001
    endloop
  endfacet
  facet normal -1 0 0
    outer loop
      vertex -5.784999999999998 -0.0249999999999988 0.44999999999999996
      vertex -5.784999999999998 -0.0249999999999988 0.4902343750000001
      vertex -5.784999999999998 0.025000000000000622 0.44999999999999996
    endloop
  endfacet
  facet normal -1 0 0
    outer loop
      vertex -5.784999999999998 -0.0249999999999988 0.4902343750000001
      vertex -5.784999999999998 0.025000000000000577 0.5
      vertex -5.784999999999998 0.025000000000000622 0.44999999999999996
    endloop
  endfacet
  facet normal 0 0 1
    outer loop
      vertex -0.0250000000000008 -2.5349999999999993 0.5
      vertex -0.0250000000000008 -0.0249999999999988 0.5
      vertex -5.784999999999998 -0.0249999999999988 0.5
    endloop
  endfacet
  facet normal 1 0 0
    outer loop
      vertex -4.454999999999999 -0.0249999999999988 0.25
      vertex -4.454999999999999 -0.024999999999999023 0
      vertex -4.454999999999999 1.305000000000001 0
    endloop
  endfacet
  facet normal 1 0 0
    outer loop
      vertex -4.454999999999999 -0.0249999999999988 0.25
      vertex -4.454999999999999 1.305000000000001 0
      vertex -4.454999999999999 1.305000000000001 0.25
    endloop
  endfacet
  facet normal -1 0 0
    outer loop
      vertex -1.3049999999999988 -0.0249999999999988 0.25
      vertex -1.3049999999999988 1.305000000000001 0.25
      vertex -1.3049999999999988 -0.024999999999999023 0
    endloop
  endfacet
  facet normal -1 0 0
    outer loop
      vertex -1.3049999999999988 1.305000000000001 0.25
      vertex -1.3049999999999988 1.305000000000001 0
      vertex -1.3049999999999988 -0.024999999999999023 0
    endloop
  endfacet
  facet normal 1 0 0
    outer loop
      vertex -4.454999999999999 1.305000000000001 0.25
      vertex -4.454999999999999 1.305000000000001 0
      vertex -4.454999999999999 2.5349999999999997 0
    endloop
  endfacet
  facet normal 1 0 0
    outer loop
      vertex -4.454999999999999 1.305000000000001 0.25
      vertex -4.454999999999999 2.5349999999999997 0
      vertex -4.454999999999999 2.535 0.25
    endloop
  endfacet
  facet normal -1 0 0
    outer loop
      vertex -1.3049999999999988 2.535 0.25
      vertex -1.3049999999999988 2.5349999999999997 0
      vertex -1.3049999999999988 1.305000000000001 0
    endloop
  endfacet
  facet normal -1 0 0
    outer loop
      vertex -1.3049999999999988 1.305000000000001 0.25
      vertex -1.3049999999999988 2.535 0.25
      vertex -1.3049999999999988 1.305000000000001 0
    endloop
  endfacet
  facet normal -1 0 0
    outer loop
      vertex -5.784999999999998 -0.0249999999999988 0.4902343750000001
      vertex -5.784999999999998 -0.0249999999999988 0.5
      vertex -5.784999999999998 0.025000000000000577 0.5
    endloop
  endfacet
  facet normal 0 0 1
    outer loop
      vertex -5.784999999999998 -0.0249999999999988 0.5
      vertex -0.0250000000000008 0.025000000000000615 0.5
      vertex -5.784999999999998 0.025000000000000577 0.5
    endloop
  endfacet
  facet normal 0 0 1
    outer loop
      vertex -5.784999999999998 -0.0249999999999988 0.5
      vertex -0.0250000000000008 -0.0249999999999988 0.5
      vertex -0.0250000000000008 0.025000000000000615 0.5
    endloop
  endfacet
  facet normal 0 0 -1
    outer loop
      vertex -4.454999999999999 -0.0249999999999988 0.25
      vertex -1.3049999999999988 1.305000000000001 0.25
      vertex -1.3049999999999988 -0.0249999999999988 0.25
    endloop
  endfacet
  facet normal 0 0 -1
    outer loop
      vertex -4.454999999999999 -0.0249999999999988 0.25
      vertex -4.454999999999999 1.305000000000001 0.25
      vertex -1.3049999999999988 2.535 0.25
    endloop
  endfacet
  facet normal 0 0 -1
    outer loop
      vertex -4.454999999999999 -0.0249999999999988 0.25
      vertex -1.3049999999999988 2.535 0.25
      vertex -1.3049999999999988 1.305000000000001 0.25
    endloop
  endfacet
  facet normal -1 0 0
    outer loop
      vertex -5.784999999999998 0.025000000000000622 0.44999999999999996
      vertex -5.784999999999998 0.025000000000000577 0.5
      vertex -5.784999999999998 2.535 0.44999999999999996
    endloop
  endfacet
  facet normal 0 0 1
    outer loop
      vertex -5.784999999999998 0.025000000000000577 0.5
      vertex -0.0250000000000008 0.025000000000000615 0.5
      vertex -5.784999999999998 2.535 0.5
    endloop
  endfacet
  facet normal 0 0 -1
    outer loop
      vertex -4.454999999999999 1.305000000000001 0.25
      vertex -4.454999999999999 2.535 0.25
      vertex -1.3049999999999988 2.535 0.25
    endloop
  endfacet
  facet normal -1 0 0
    outer loop
      vertex -5.784999999999998 0.025000000000000577 0.5
      vertex -5.784999999999998 2.535 0.49023437499999983
      vertex -5.784999999999998 2.535 0.44999999999999996
    endloop
  endfacet
  facet normal -1 0 0
    outer loop
      vertex -5.784999999999998 0.025000000000000577 0.5
      vertex -5.784999999999998 2.535 0.5
      vertex -5.784999999999998 2.535 0.49023437499999983
    endloop
  endfacet
  facet normal -1 0 0
    outer loop
      vertex -5.784999999999998 2.535 0.44999999999999996
      vertex -5.784999999999998 2.535 0.49023437499999983
      vertex -5.784999999999998 2.585000000000001 0.44999999999999996
    endloop
  endfacet
  facet normal -1 0 0
    outer loop
      vertex -5.784999999999998 2.535 0.49023437499999983
      vertex -5.784999999999998 2.585000000000001 0.5
      vertex -5.784999999999998 2.585000000000001 0.44999999999999996
    endloop
  endfacet
  facet normal 0 0 1
    outer loop
      vertex -0.0250000000000008 0.025000000000000615 0.5
      vertex -0.0250000000000008 2.535 0.5
      vertex -5.784999999999998 2.535 0.5
    endloop
  endfacet
  facet normal 1 0 0
    outer loop
      vertex -4.454999999999999 2.535 0.25
      vertex -4.454999999999999 2.5349999999999997 0
      vertex -4.454999999999999 3.8649999999999998 0
    endloop
  endfacet
  facet normal 1 0 0
    outer loop
      vertex -4.454999999999999 2.535 0.25
      vertex -4.454999999999999 3.8649999999999998 0
      vertex -4.454999999999999 3.8649999999999998 0.25
    endloop
  endfacet
  facet normal -1 0 0
    outer loop
      vertex -1.3049999999999988 3.8649999999999998 0.25
      vertex -1.3049999999999988 3.8649999999999998 0
      vertex -1.3049999999999988 2.5349999999999997 0
    endloop
  endfacet
  facet normal -1 0 0
    outer loop
      vertex -1.3049999999999988 2.535 0.25
      vertex -1.3049999999999988 3.8649999999999998 0.25
      vertex -1.3049999999999988 2.5349999999999997 0
    endloop
  endfacet
  facet normal 1 0 0
    outer loop
      vertex -4.454999999999999 3.8649999999999998 0.25
      vertex -4.454999999999999 3.8649999999999998 0
      vertex -4.454999999999999 5.145 0
    endloop
  endfacet
  facet normal 1 0 0
    outer loop
      vertex -4.454999999999999 3.8649999999999998 0.25
      vertex -4.454999999999999 5.145 0
      vertex -4.454999999999999 5.145 0.25
    endloop
  endfacet
  facet normal 0 1 0
    outer loop
      vertex -4.454999999999999 5.145 0.25
      vertex -4.454999999999999 5.145 0
      vertex -5.734999999999997 5.145 0
    endloop
  endfacet
  facet normal 0 1 0
    outer loop
      vertex -5.734999999999998 5.145 0.25
      vertex -4.454999999999999 5.145 0.25
      vertex -5.734999999999997 5.145 0
    endloop
  endfacet
  facet normal -1 0 0
    outer loop
      vertex -1.3049999999999988 5.145 0.25
      vertex -1.3049999999999988 5.145 0
      vertex -1.3049999999999988 3.8649999999999998 0
    endloop
  endfacet
  facet normal -1 0 0
    outer loop
      vertex -1.3049999999999988 3.8649999999999998 0.25
      vertex -1.3049999999999988 5.145 0.25
      vertex -1.3049999999999988 3.8649999999999998 0
    endloop
  endfacet
  facet normal 0 1 0
    outer loop
      vertex -0.025000000000001243 5.145 0.25
      vertex -0.025000000000001243 5.145 0
      vertex -1.3049999999999988 5.145 0
    endloop
  endfacet
  facet normal 0 1 0
    outer loop
      vertex -1.3049999999999988 5.145 0.25
      vertex -0.025000000000001243 5.145 0.25
      vertex -1.3049999999999988 5.145 0
    endloop
  endfacet
  facet normal -1 0 0
    outer loop
      vertex -5.784999999999998 2.535 0.49023437499999983
      vertex -5.784999999999998 2.535 0.5
      vertex -5.784999999999998 2.585000000000001 0.5
    endloop
  endfacet
  facet normal 0 0 1
    outer loop
      vertex -5.784999999999998 2.535 0.5
      vertex -0.0250000000000008 2.535 0.5
      vertex -5.784999999999998 2.585000000000001 0.5
    endloop
  endfacet
  facet normal 0 0 -1
    outer loop
      vertex -4.454999999999999 2.535 0.25
      vertex -1.3049999999999988 3.8649999999999998 0.25
      vertex -1.3049999999999988 2.535 0.25
    endloop
  endfacet
  facet normal 0 0 -1
    outer loop
      vertex -4.454999999999999 2.535 0.25
      vertex -4.454999999999999 3.8649999999999998 0.25
      vertex -1.3049999999999988 5.145 0.25
    endloop
  endfacet
  facet normal 0 0 -1
    outer loop
      vertex -4.454999999999999 2.535 0.25
      vertex -1.3049999999999988 5.145 0.25
      vertex -1.3049999999999988 3.8649999999999998 0.25
    endloop
  endfacet
  facet normal -1 0 0
    outer loop
      vertex -5.784999999999998 2.585000000000001 0.44999999999999996
      vertex -5.784999999999998 2.585000000000001 0.5
      vertex -5.784999999999998 5.145 0.44999999999999996
    endloop
  endfacet
  facet normal 0 0 1
    outer loop
      vertex -0.0250000000000008 2.535 0.5
      vertex -5.784999999999998 5.145 0.5
      vertex -5.784999999999998 2.585000000000001 0.5
    endloop
  endfacet
  facet normal 0 0 1
    outer loop
      vertex -0.0250000000000008 2.535 0.5
      vertex -0.0250000000000008 2.585000000000001 0.5
      vertex -5.784999999999998 5.145 0.5
    endloop
  endfacet
  facet normal 0 1 0
    outer loop
      vertex -5.734999999999998 5.145 0.25
      vertex -5.734999999999998 5.145 0.44999999999999996
      vertex -4.454999999999999 5.145 0.25
    endloop
  endfacet
  facet normal 0 1 0
    outer loop
      vertex -4.454999999999999 5.145 0.25
      vertex -5.784999999999998 5.145 0.5
      vertex -1.3049999999999988 5.145 0.25
    endloop
  endfacet
  facet normal 0 0 -1
    outer loop
      vertex -4.454999999999999 3.8649999999999998 0.25
      vertex -4.454999999999999 5.145 0.25
      vertex -1.3049999999999988 5.145 0.25
    endloop
  endfacet
  facet normal 0 1 0
    outer loop
      vertex -1.3049999999999988 5.145 0.25
      vertex -0.025000000000000872 5.145 0.5
      vertex -0.025000000000001243 5.145 0.25
    endloop
  endfacet
  facet normal -1 0 0
    outer loop
      vertex -5.784999999999998 2.585000000000001 0.5
      vertex -5.784999999999998 5.145 0.5
      vertex -5.784999999999998 5.145 0.44999999999999996
    endloop
  endfacet
  facet normal 0 1 0
    outer loop
      vertex -4.454999999999999 5.145 0.25
      vertex -5.734999999999998 5.145 0.44999999999999996
      vertex -5.784999999999998 5.145 0.5
    endloop
  endfacet
  facet normal 0 1 0
    outer loop
      vertex -5.784999999999998 5.145 0.44999999999999996
      vertex -5.784999999999998 5.145 0.5
      vertex -5.734999999999998 5.145 0.44999999999999996
    endloop
  endfacet
  facet normal 0 0 1
    outer loop
      vertex -0.0250000000000008 2.585000000000001 0.5
      vertex -0.025000000000000872 5.145 0.5
      vertex -5.784999999999998 5.145 0.5
    endloop
  endfacet
  facet normal 0 1 0
    outer loop
      vertex -1.3049999999999988 5.145 0.25
      vertex -5.784999999999998 5.145 0.5
      vertex -0.025000000000000872 5.145 0.5
    endloop
  endfacet
  facet normal 0 -1 3.552713678800501e-15
    outer loop
      vertex 1.3049999999999986 -5.144999999999999 0.25
      vertex -0.025000000000001243 -5.145 0
      vertex 1.3049999999999988 -5.145 0
    endloop
  endfacet
  facet normal 1 0 8.881784197001252e-16
    outer loop
      vertex 1.3049999999999986 -5.144999999999999 0.25
      vertex 1.3049999999999988 -5.145 0
      vertex 1.3049999999999988 -3.814999999999999 0
    endloop
  endfacet
  facet normal 0 -1 3.552713678800501e-15
    outer loop
      vertex -0.0250000000000008 -5.144999999999999 0.25
      vertex -0.025000000000001243 -5.145 0
      vertex 1.3049999999999986 -5.144999999999999 0.25
    endloop
  endfacet
  facet normal 1 -1.6695083077070027e-16 0
    outer loop
      vertex 1.3049999999999986 -5.144999999999999 0.25
      vertex 1.3049999999999988 -3.814999999999999 0
      vertex 1.3049999999999988 -3.814999999999999 0.25
    endloop
  endfacet
  facet normal 0 -1 3.552713678800501e-15
    outer loop
      vertex 5.735000000000001 -5.144999999999999 0.25
      vertex 4.454999999999999 -5.145 0
      vertex 5.735 -5.145 0
    endloop
  endfacet
  facet normal 0 -1 3.552713678800501e-15
    outer loop
      vertex 4.454999999999999 -5.144999999999999 0.25
      vertex 4.454999999999999 -5.145 0
      vertex 5.735000000000001 -5.144999999999999 0.25
    endloop
  endfacet
  facet normal -1 0 0
    outer loop
      vertex 4.454999999999999 -5.144999999999999 0.25
      vertex 4.454999999999999 -3.814999999999999 0.25
      vertex 4.454999999999999 -5.145 0
    endloop
  endfacet
  facet normal -1 0 0
    outer loop
      vertex 4.454999999999999 -3.814999999999999 0.25
      vertex 4.454999999999999 -3.814999999999999 0
      vertex 4.454999999999999 -5.145 0
    endloop
  endfacet
  facet normal 1 0 0
    outer loop
      vertex 1.3049999999999988 -3.814999999999999 0.25
      vertex 1.3049999999999988 -3.814999999999999 0
      vertex 1.3049999999999988 -2.534999999999999 0
    endloop
  endfacet
  facet normal 1 0 0
    outer loop
      vertex 1.3049999999999988 -3.814999999999999 0.25
      vertex 1.3049999999999988 -2.534999999999999 0
      vertex 1.3049999999999988 -2.5349999999999993 0.25
    endloop
  endfacet
  facet normal -1 0 0
    outer loop
      vertex 4.454999999999999 -3.814999999999999 0.25
      vertex 4.454999999999999 -2.534999999999999 0.25
      vertex 4.454999999999999 -3.814999999999999 0
    endloop
  endfacet
  facet normal -1 0 0
    outer loop
      vertex 4.454999999999999 -2.534999999999999 0.25
      vertex 4.454999999999999 -2.534999999999999 0
      vertex 4.454999999999999 -3.814999999999999 0
    endloop
  endfacet
  facet normal -1 0 0
    outer loop
      vertex -0.0250000000000008 -5.144999999999999 0.5
      vertex -0.0250000000000008 -5.144999999999999 0.55
      vertex -0.0250000000000008 -2.5349999999999993 0.55
    endloop
  endfacet
  facet normal -1 0 0
    outer loop
      vertex -0.0250000000000008 -5.144999999999999 0.5
      vertex -0.0250000000000008 -2.5349999999999993 0.55
      vertex -0.0250000000000008 -2.5349999999999993 0.5
    endloop
  endfacet
  facet normal 0 0 -1
    outer loop
      vertex 1.3049999999999986 -5.144999999999999 0.25
      vertex 4.454999999999999 -3.814999999999999 0.25
      vertex 4.454999999999999 -5.144999999999999 0.25
    endloop
  endfacet
  facet normal 0 -1 0
    outer loop
      vertex -0.0250000000000008 -5.144999999999999 0.25
      vertex 5.784999999999998 -5.144999999999999 0.55
      vertex -0.0250000000000008 -5.144999999999999 0.5
    endloop
  endfacet
  facet normal 0 -1 0
    outer loop
      vertex -0.0250000000000008 -5.144999999999999 0.5
      vertex 5.735000000000001 -5.144999999999999 0.55
      vertex -0.0250000000000008 -5.144999999999999 0.55
    endloop
  endfacet
  facet normal 0 -1 0
    outer loop
      vertex -0.0250000000000008 -5.144999999999999 0.25
      vertex 1.3049999999999986 -5.144999999999999 0.25
      vertex 5.784999999999998 -5.144999999999999 0.55
    endloop
  endfacet
  facet normal 0 -1 0
    outer loop
      vertex 1.3049999999999986 -5.144999999999999 0.25
      vertex 4.454999999999999 -5.144999999999999 0.25
      vertex 5.784999999999998 -5.144999999999999 0.55
    endloop
  endfacet
  facet normal 0 -1 0
    outer loop
      vertex 4.454999999999999 -5.144999999999999 0.25
      vertex 5.735000000000001 -5.144999999999999 0.25
      vertex 5.784999999999998 -5.144999999999999 0.55
    endloop
  endfacet
  facet normal 0 -1 0
    outer loop
      vertex -0.0250000000000008 -5.144999999999999 0.5
      vertex 5.784999999999998 -5.144999999999999 0.55
      vertex 5.735000000000001 -5.144999999999999 0.55
    endloop
  endfacet
  facet normal 0 -1 0
    outer loop
      vertex 5.735000000000001 -5.144999999999999 0.25
      vertex 5.784999999999998 -5.144999999999999 0.25
      vertex 5.784999999999998 -5.144999999999999 0.55
    endloop
  endfacet
  facet normal 0 0 1
    outer loop
      vertex -0.0250000000000008 -5.144999999999999 0.55
      vertex 5.735000000000001 -5.144999999999999 0.55
      vertex 5.735000000000001 -2.5349999999999993 0.55
    endloop
  endfacet
  facet normal 0 0 -1
    outer loop
      vertex 1.3049999999999986 -5.144999999999999 0.25
      vertex 1.3049999999999988 -3.814999999999999 0.25
      vertex 4.454999999999999 -2.534999999999999 0.25
    endloop
  endfacet
  facet normal 0 0 -1
    outer loop
      vertex 1.3049999999999986 -5.144999999999999 0.25
      vertex 4.454999999999999 -2.534999999999999 0.25
      vertex 4.454999999999999 -3.814999999999999 0.25
    endloop
  endfacet
  facet normal 0 0 -1
    outer loop
      vertex 1.3049999999999988 -3.814999999999999 0.25
      vertex 1.3049999999999988 -2.5349999999999993 0.25
      vertex 4.454999999999999 -2.534999999999999 0.25
    endloop
  endfacet
  facet normal 0 0 1
    outer loop
      vertex -0.0250000000000008 -5.144999999999999 0.55
      vertex 5.735000000000001 -2.5349999999999993 0.55
      vertex -0.0250000000000008 -2.5349999999999993 0.55
    endloop
  endfacet
  facet normal 1 0 0
    outer loop
      vertex 1.3049999999999988 -2.5349999999999993 0.25
      vertex 1.3049999999999988 -2.534999999999999 0
      vertex 1.3049999999999988 -1.2549999999999994 0
    endloop
  endfacet
  facet normal 1 0 0
    outer loop
      vertex 1.3049999999999988 -2.5349999999999993 0.25
      vertex 1.3049999999999988 -1.2549999999999994 0
      vertex 1.3049999999999988 -1.2549999999999994 0.25
    endloop
  endfacet
  facet normal -1 0 0
    outer loop
      vertex 4.454999999999999 -2.534999999999999 0.25
      vertex 4.454999999999999 -1.2549999999999994 0.25
      vertex 4.454999999999999 -2.534999999999999 0
    endloop
  endfacet
  facet normal -1 0 0
    outer loop
      vertex 4.454999999999999 -1.2549999999999994 0.25
      vertex 4.454999999999999 -1.2549999999999994 0
      vertex 4.454999999999999 -2.534999999999999 0
    endloop
  endfacet
  facet normal 1 0 0
    outer loop
      vertex 1.3049999999999988 -1.2549999999999994 0.25
      vertex 1.3049999999999988 -1.2549999999999994 0
      vertex 1.3049999999999988 0.0250000000000008 0
    endloop
  endfacet
  facet normal 1 0 0
    outer loop
      vertex 1.3049999999999988 -1.2549999999999994 0.25
      vertex 1.3049999999999988 0.0250000000000008 0
      vertex 1.3049999999999988 -0.0249999999999988 0.25
    endloop
  endfacet
  facet normal 1 4.440892098500681e-15 8.881784197001292e-16
    outer loop
      vertex 1.3049999999999988 -0.0249999999999988 0.25
      vertex 1.3049999999999988 0.0250000000000008 0
      vertex 1.3049999999999986 0.025000000000000577 0.25
    endloop
  endfacet
  facet normal -1 0 0
    outer loop
      vertex 4.454999999999999 -1.2549999999999994 0.25
      vertex 4.454999999999999 -0.0249999999999988 0.25
      vertex 4.454999999999999 -1.2549999999999994 0
    endloop
  endfacet
  facet normal -1 0 0
    outer loop
      vertex 4.454999999999999 -0.0249999999999988 0.25
      vertex 4.454999999999999 -0.024999999999999023 0
      vertex 4.454999999999999 -1.2549999999999994 0
    endloop
  endfacet
  facet normal -1 0 0
    outer loop
      vertex -0.0250000000000008 -2.5349999999999993 0.5
      vertex -0.0250000000000008 -2.5349999999999993 0.55
      vertex -0.0250000000000008 -0.0249999999999988 0.55
    endloop
  endfacet
  facet normal -1 0 0
    outer loop
      vertex -0.0250000000000008 -2.5349999999999993 0.5
      vertex -0.0250000000000008 -0.0249999999999988 0.5382812500000002
      vertex -0.0250000000000008 -0.0249999999999988 0.5
    endloop
  endfacet
  facet normal -1 0 0
    outer loop
      vertex -0.0250000000000008 -2.5349999999999993 0.5
      vertex -0.0250000000000008 -0.0249999999999988 0.55
      vertex -0.0250000000000008 -0.0249999999999988 0.5382812500000002
    endloop
  endfacet
  facet normal -1 0 0
    outer loop
      vertex -0.0250000000000008 -0.0249999999999988 0.5
      vertex -0.0250000000000008 -0.0249999999999988 0.5382812500000002
      vertex -0.0250000000000008 0.025000000000000615 0.5
    endloop
  endfacet
  facet normal -1 0 0
    outer loop
      vertex -0.0250000000000008 -0.0249999999999988 0.5382812500000002
      vertex -0.0250000000000008 0.025000000000000577 0.55
      vertex -0.0250000000000008 0.025000000000000615 0.5
    endloop
  endfacet
  facet normal 0 0 -1
    outer loop
      vertex 1.3049999999999988 -2.5349999999999993 0.25
      vertex 4.454999999999999 -1.2549999999999994 0.25
      vertex 4.454999999999999 -2.534999999999999 0.25
    endloop
  endfacet
  facet normal 0 0 -1
    outer loop
      vertex 1.3049999999999988 -2.5349999999999993 0.25
      vertex 1.3049999999999988 -1.2549999999999994 0.25
      vertex 4.454999999999999 -0.0249999999999988 0.25
    endloop
  endfacet
  facet normal 0 0 -1
    outer loop
      vertex 1.3049999999999988 -2.5349999999999993 0.25
      vertex 4.454999999999999 -0.0249999999999988 0.25
      vertex 4.454999999999999 -1.2549999999999994 0.25
    endloop
  endfacet
  facet normal 0 0 1
    outer loop
      vertex -0.0250000000000008 -2.5349999999999993 0.55
      vertex 5.735000000000001 -2.5349999999999993 0.55
      vertex 5.735000000000001 -0.0249999999999988 0.55
    endloop
  endfacet
  facet normal 0 0 -1
    outer loop
      vertex 1.3049999999999988 -1.2549999999999994 0.25
      vertex 1.3049999999999988 -0.0249999999999988 0.25
      vertex 4.454999999999999 -0.0249999999999988 0.25
    endloop
  endfacet
  facet normal 0 0 1
    outer loop
      vertex -0.0250000000000008 -2.5349999999999993 0.55
      vertex 5.735000000000001 -0.0249999999999988 0.55
      vertex -0.0250000000000008 -0.0249999999999988 0.55
    endloop
  endfacet
  facet normal 1 -1.7347234759768064e-16 8.88178419700125e-16
    outer loop
      vertex 1.3049999999999986 0.025000000000000577 0.25
      vertex 1.3049999999999988 0.0250000000000008 0
      vertex 1.3049999999999988 1.305000000000001 0.25
    endloop
  endfacet
  facet normal 1 0 0
    outer loop
      vertex 1.3049999999999988 1.305000000000001 0.25
      vertex 1.3049999999999988 0.0250000000000008 0
      vertex 1.3049999999999988 1.305000000000001 0
    endloop
  endfacet
  facet normal -1 0 0
    outer loop
      vertex 4.454999999999999 -0.0249999999999988 0.25
      vertex 4.454999999999999 1.305000000000001 0.25
      vertex 4.454999999999999 -0.024999999999999023 0
    endloop
  endfacet
  facet normal -1 0 0
    outer loop
      vertex 4.454999999999999 1.305000000000001 0.25
      vertex 4.454999999999999 1.305000000000001 0
      vertex 4.454999999999999 -0.024999999999999023 0
    endloop
  endfacet
  facet normal 1 0 0
    outer loop
      vertex 1.3049999999999988 1.305000000000001 0.25
      vertex 1.3049999999999988 1.305000000000001 0
      vertex 1.3049999999999988 2.5850000000000013 0
    endloop
  endfacet
  facet normal 1 0 0
    outer loop
      vertex 1.3049999999999988 1.305000000000001 0.25
      vertex 1.3049999999999988 2.5850000000000013 0
      vertex 1.3049999999999988 2.535 0.25
    endloop
  endfacet
  facet normal 1 4.440892098500563e-15 8.881784197001331e-16
    outer loop
      vertex 1.3049999999999988 2.535 0.25
      vertex 1.3049999999999988 2.5850000000000013 0
      vertex 1.3049999999999986 2.585000000000001 0.25
    endloop
  endfacet
  facet normal -1 0 0
    outer loop
      vertex 4.454999999999999 2.535 0.25
      vertex 4.454999999999999 2.5349999999999997 0
      vertex 4.454999999999999 1.305000000000001 0
    endloop
  endfacet
  facet normal -1 0 0
    outer loop
      vertex 4.454999999999999 1.305000000000001 0.25
      vertex 4.454999999999999 2.535 0.25
      vertex 4.454999999999999 1.305000000000001 0
    endloop
  endfacet
  facet normal -1 0 0
    outer loop
      vertex -0.0250000000000008 -0.0249999999999988 0.5382812500000002
      vertex -0.0250000000000008 -0.0249999999999988 0.55
      vertex -0.0250000000000008 0.025000000000000577 0.55
    endloop
  endfacet
  facet normal -1 0 0
    outer loop
      vertex -0.0250000000000008 0.025000000000000615 0.5
      vertex -0.0250000000000008 0.025000000000000577 0.55
      vertex -0.0250000000000008 2.535 0.55
    endloop
  endfacet
  facet normal -1 0 0
    outer loop
      vertex -0.0250000000000008 0.025000000000000615 0.5
      vertex -0.0250000000000008 2.535 0.5382812499999998
      vertex -0.0250000000000008 2.535 0.5
    endloop
  endfacet
  facet normal -1 0 0
    outer loop
      vertex -0.0250000000000008 0.025000000000000615 0.5
      vertex -0.0250000000000008 2.535 0.55
      vertex -0.0250000000000008 2.535 0.5382812499999998
    endloop
  endfacet
  facet normal -1 0 0
    outer loop
      vertex -0.0250000000000008 2.535 0.5
      vertex -0.0250000000000008 2.585000000000001 0.55
      vertex -0.0250000000000008 2.585000000000001 0.5
    endloop
  endfacet
  facet normal -1 0 0
    outer loop
      vertex -0.0250000000000008 2.535 0.5
      vertex -0.0250000000000008 2.535 0.5382812499999998
      vertex -0.0250000000000008 2.585000000000001 0.55
    endloop
  endfacet
  facet normal 0 0 1
    outer loop
      vertex -0.0250000000000008 -0.0249999999999988 0.55
      vertex 5.735000000000001 -0.0249999999999988 0.55
      vertex 5.735000000000001 0.02500000000000061 0.55
    endloop
  endfacet
  facet normal 0 0 -1
    outer loop
      vertex 1.3049999999999988 -0.0249999999999988 0.25
      vertex 4.454999999999999 1.305000000000001 0.25
      vertex 4.454999999999999 -0.0249999999999988 0.25
    endloop
  endfacet
  facet normal 0 0 -1
    outer loop
      vertex 1.3049999999999988 -0.0249999999999988 0.25
      vertex 1.3049999999999986 0.025000000000000577 0.25
      vertex 4.454999999999999 2.535 0.25
    endloop
  endfacet
  facet normal 0 0 -1
    outer loop
      vertex 1.3049999999999986 0.025000000000000577 0.25
      vertex 1.3049999999999988 1.305000000000001 0.25
      vertex 4.454999999999999 2.535 0.25
    endloop
  endfacet
  facet normal 0 0 -1
    outer loop
      vertex 1.3049999999999988 -0.0249999999999988 0.25
      vertex 4.454999999999999 2.535 0.25
      vertex 4.454999999999999 1.305000000000001 0.25
    endloop
  endfacet
  facet normal 0 0 1
    outer loop
      vertex -0.0250000000000008 -0.0249999999999988 0.55
      vertex 5.735000000000001 2.535 0.55
      vertex -0.0250000000000008 0.025000000000000577 0.55
    endloop
  endfacet
  facet normal 0 0 1
    outer loop
      vertex -0.0250000000000008 -0.0249999999999988 0.55
      vertex 5.735000000000001 0.02500000000000061 0.55
      vertex 5.735000000000001 2.535 0.55
    endloop
  endfacet
  facet normal 0 0 -1
    outer loop
      vertex 1.3049999999999988 1.305000000000001 0.25
      vertex 1.3049999999999988 2.535 0.25
      vertex 4.454999999999999 2.535 0.25
    endloop
  endfacet
  facet normal 0 0 1
    outer loop
      vertex -0.0250000000000008 0.025000000000000577 0.55
      vertex 5.735000000000001 2.535 0.55
      vertex -0.0250000000000008 2.535 0.55
    endloop
  endfacet
  facet normal 1 0 0
    outer loop
      vertex 1.3049999999999988 3.8649999999999998 0.25
      vertex 1.3049999999999988 2.5850000000000013 0
      vertex 1.3049999999999988 3.8649999999999998 0
    endloop
  endfacet
  facet normal 1 -1.7347234759768086e-16 8.881784197001249e-16
    outer loop
      vertex 1.3049999999999986 2.585000000000001 0.25
      vertex 1.3049999999999988 2.5850000000000013 0
      vertex 1.3049999999999988 3.8649999999999998 0.25
    endloop
  endfacet
  facet normal -1 0 0
    outer loop
      vertex 4.454999999999999 3.8649999999999998 0.25
      vertex 4.454999999999999 3.8649999999999998 0
      vertex 4.454999999999999 2.5349999999999997 0
    endloop
  endfacet
  facet normal -1 0 0
    outer loop
      vertex 4.454999999999999 2.535 0.25
      vertex 4.454999999999999 3.8649999999999998 0.25
      vertex 4.454999999999999 2.5349999999999997 0
    endloop
  endfacet
  facet normal 1 0 0
    outer loop
      vertex 1.3049999999999988 3.8649999999999998 0.25
      vertex 1.3049999999999988 3.8649999999999998 0
      vertex 1.3049999999999988 5.145 0
    endloop
  endfacet
  facet normal 1 0 0
    outer loop
      vertex 1.3049999999999988 3.8649999999999998 0.25
      vertex 1.3049999999999988 5.145 0
      vertex 1.3049999999999988 5.145 0.25
    endloop
  endfacet
  facet normal 0 1 0
    outer loop
      vertex -0.025000000000001243 5.145 0.25
      vertex 1.3049999999999988 5.145 0
      vertex -0.025000000000001243 5.145 0
    endloop
  endfacet
  facet normal 0 1 0
    outer loop
      vertex -0.025000000000001243 5.145 0.25
      vertex 1.3049999999999988 5.145 0.25
      vertex 1.3049999999999988 5.145 0
    endloop
  endfacet
  facet normal -1 0 0
    outer loop
      vertex 4.454999999999999 5.145 0.25
      vertex 4.454999999999999 5.145 0
      vertex 4.454999999999999 3.8649999999999998 0
    endloop
  endfacet
  facet normal -1 0 0
    outer loop
      vertex 4.454999999999999 3.8649999999999998 0.25
      vertex 4.454999999999999 5.145 0.25
      vertex 4.454999999999999 3.8649999999999998 0
    endloop
  endfacet
  facet normal 0 1 0
    outer loop
      vertex 4.454999999999999 5.145 0.25
      vertex 5.784999999999999 5.145 0
      vertex 4.454999999999999 5.145 0
    endloop
  endfacet
  facet normal 0 1 0
    outer loop
      vertex 4.454999999999999 5.145 0.25
      vertex 5.784999999999998 5.145 0.25
      vertex 5.784999999999999 5.145 0
    endloop
  endfacet
  facet normal -1 0 0
    outer loop
      vertex -0.0250000000000008 2.535 0.5382812499999998
      vertex -0.0250000000000008 2.535 0.55
      vertex -0.0250000000000008 2.585000000000001 0.55
    endloop
  endfacet
  facet normal -1 0 0
    outer loop
      vertex -0.0250000000000008 2.585000000000001 0.5
      vertex -0.0250000000000008 2.585000000000001 0.55
      vertex -0.0250000000000008 5.145 0.55
    endloop
  endfacet
  facet normal -1 -2.8460307027744504e-17 1.4571677198205166e-15
    outer loop
      vertex -0.0250000000000008 2.585000000000001 0.5
      vertex -0.0250000000000008 5.145 0.55
      vertex -0.025000000000000872 5.145 0.5
    endloop
  endfacet
  facet normal 0 0 1
    outer loop
      vertex -0.0250000000000008 2.535 0.55
      vertex 5.735000000000001 2.585000000000001 0.55
      vertex -0.0250000000000008 2.585000000000001 0.55
    endloop
  endfacet
  facet normal 0 0 1
    outer loop
      vertex -0.0250000000000008 2.535 0.55
      vertex 5.735000000000001 2.535 0.55
      vertex 5.735000000000001 2.585000000000001 0.55
    endloop
  endfacet
  facet normal 0 0 -1
    outer loop
      vertex 1.3049999999999988 2.535 0.25
      vertex 4.454999999999999 3.8649999999999998 0.25
      vertex 4.454999999999999 2.535 0.25
    endloop
  endfacet
  facet normal 0 0 -1
    outer loop
      vertex 1.3049999999999988 2.535 0.25
      vertex 1.3049999999999986 2.585000000000001 0.25
      vertex 4.454999999999999 5.145 0.25
    endloop
  endfacet
  facet normal 0 0 -1
    outer loop
      vertex 1.3049999999999986 2.585000000000001 0.25
      vertex 1.3049999999999988 3.8649999999999998 0.25
      vertex 4.454999999999999 5.145 0.25
    endloop
  endfacet
  facet normal 0 0 -1
    outer loop
      vertex 1.3049999999999988 2.535 0.25
      vertex 4.454999999999999 5.145 0.25
      vertex 4.454999999999999 3.8649999999999998 0.25
    endloop
  endfacet
  facet normal 0 0 1
    outer loop
      vertex -0.0250000000000008 2.585000000000001 0.55
      vertex 5.735000000000001 2.585000000000001 0.55
      vertex -0.0250000000000008 5.145 0.55
    endloop
  endfacet
  facet normal 0 0 -1
    outer loop
      vertex 1.3049999999999988 3.8649999999999998 0.25
      vertex 1.3049999999999988 5.145 0.25
      vertex 4.454999999999999 5.145 0.25
    endloop
  endfacet
  facet normal 0 1 0
    outer loop
      vertex -0.025000000000001243 5.145 0.25
      vertex -0.025000000000000872 5.145 0.5
      vertex 1.3049999999999988 5.145 0.25
    endloop
  endfacet
  facet normal 0 1 0
    outer loop
      vertex -0.025000000000000872 5.145 0.5
      vertex -0.0250000000000008 5.145 0.55
      vertex 1.3049999999999988 5.145 0.25
    endloop
  endfacet
  facet normal 0 1 0
    outer loop
      vertex -0.0250000000000008 5.145 0.55
      vertex 4.454999999999999 5.145 0.25
      vertex 1.3049999999999988 5.145 0.25
    endloop
  endfacet
  facet normal 0 1 0
    outer loop
      vertex -0.0250000000000008 5.145 0.55
      vertex 5.784999999999998 5.145 0.25
      vertex 4.454999999999999 5.145 0.25
    endloop
  endfacet
  facet normal 0 0 1
    outer loop
      vertex -0.0250000000000008 5.145 0.55
      vertex 5.735000000000001 2.585000000000001 0.55
      vertex 5.735000000000001 5.145 0.55
    endloop
  endfacet
  facet normal 0 1 0
    outer loop
      vertex -0.0250000000000008 5.145 0.55
      vertex 5.735000000000001 5.145 0.55
      vertex 5.784999999999998 5.145 0.25
    endloop
  endfacet
  facet normal 0 1 0
    outer loop
      vertex 5.784999999999998 5.145 0.25
      vertex 5.735000000000001 5.145 0.55
      vertex 5.784999999999998 5.145 0.55
    endloop
  endfacet
  facet normal 0 -1 3.552713678800501e-15
    outer loop
      vertex 7.065 -5.144999999999999 0.25
      vertex 5.735 -5.145 0
      vertex 7.065 -5.145 0
    endloop
  endfacet
  facet normal 1 0 0
    outer loop
      vertex 7.065 -5.144999999999999 0.25
      vertex 7.065 -5.145 0
      vertex 7.065 -3.814999999999999 0
    endloop
  endfacet
  facet normal 0 -1 3.552713678800501e-15
    outer loop
      vertex 5.735000000000001 -5.144999999999999 0.25
      vertex 5.735 -5.145 0
      vertex 5.784999999999998 -5.144999999999999 0.25
    endloop
  endfacet
  facet normal 0 -1 3.552713678800501e-15
    outer loop
      vertex 5.784999999999998 -5.144999999999999 0.25
      vertex 5.735 -5.145 0
      vertex 7.065 -5.144999999999999 0.25
    endloop
  endfacet
  facet normal 1 0 0
    outer loop
      vertex 7.065 -5.144999999999999 0.25
      vertex 7.065 -3.814999999999999 0
      vertex 7.065 -3.814999999999999 0.25
    endloop
  endfacet
  facet normal 0 -1 3.552713678800501e-15
    outer loop
      vertex 10.215 -5.144999999999999 0.25
      vertex 10.215 -5.145 0
      vertex 11.494999999999997 -5.145 0
    endloop
  endfacet
  facet normal 0 -1 3.552713678800501e-15
    outer loop
      vertex 10.215 -5.144999999999999 0.25
      vertex 11.494999999999997 -5.145 0
      vertex 11.495 -5.144999999999999 0.25
    endloop
  endfacet
  facet normal -1 0 0
    outer loop
      vertex 10.215 -5.144999999999999 0.25
      vertex 10.215 -3.814999999999999 0.25
      vertex 10.215 -5.145 0
    endloop
  endfacet
  facet normal -1 0 0
    outer loop
      vertex 10.215 -3.814999999999999 0.25
      vertex 10.215 -3.814999999999999 0
      vertex 10.215 -5.145 0
    endloop
  endfacet
  facet normal 1 0 0
    outer loop
      vertex 7.065 -3.814999999999999 0.25
      vertex 7.065 -3.814999999999999 0
      vertex 7.065 -2.534999999999999 0
    endloop
  endfacet
  facet normal 1 0 0
    outer loop
      vertex 7.065 -3.814999999999999 0.25
      vertex 7.065 -2.534999999999999 0
      vertex 7.065 -2.5349999999999993 0.25
    endloop
  endfacet
  facet normal -1 0 0
    outer loop
      vertex 10.215 -3.814999999999999 0.25
      vertex 10.215 -2.534999999999999 0.25
      vertex 10.215 -3.814999999999999 0
    endloop
  endfacet
  facet normal -1 0 0
    outer loop
      vertex 10.215 -2.534999999999999 0.25
      vertex 10.215 -2.534999999999999 0
      vertex 10.215 -3.814999999999999 0
    endloop
  endfacet
  facet normal 0 -1 0
    outer loop
      vertex 5.784999999999998 -5.144999999999999 0.25
      vertex 7.065 -5.144999999999999 0.25
      vertex 5.784999999999998 -5.144999999999999 0.55
    endloop
  endfacet
  facet normal 0 -1 0
    outer loop
      vertex 5.735000000000001 -5.144999999999999 0.55
      vertex 5.784999999999998 -5.144999999999999 0.55
      vertex 5.735000000000001 -5.144999999999999 0.6000000000000001
    endloop
  endfacet
  facet normal -1 0 0
    outer loop
      vertex 5.735000000000001 -5.144999999999999 0.55
      vertex 5.735000000000001 -5.144999999999999 0.6000000000000001
      vertex 5.735000000000001 -2.5349999999999993 0.55
    endloop
  endfacet
  facet normal -1 0 0
    outer loop
      vertex 5.735000000000001 -5.144999999999999 0.6000000000000001
      vertex 5.735000000000001 -2.5349999999999993 0.6000000000000001
      vertex 5.735000000000001 -2.5349999999999993 0.55
    endloop
  endfacet
  facet normal 0 0 -1
    outer loop
      vertex 7.065 -5.144999999999999 0.25
      vertex 10.215 -3.814999999999999 0.25
      vertex 10.215 -5.144999999999999 0.25
    endloop
  endfacet
  facet normal 0 -1 0
    outer loop
      vertex 7.065 -5.144999999999999 0.25
      vertex 10.215 -5.144999999999999 0.25
      vertex 5.784999999999998 -5.144999999999999 0.55
    endloop
  endfacet
  facet normal 0 -1 0
    outer loop
      vertex 10.215 -5.144999999999999 0.25
      vertex 11.495 -5.144999999999999 0.25
      vertex 5.784999999999998 -5.144999999999999 0.55
    endloop
  endfacet
  facet normal 0 -1 0
    outer loop
      vertex 11.495 -5.144999999999999 0.25
      vertex 11.495 -5.144999999999999 0.6000000000000001
      vertex 5.784999999999998 -5.144999999999999 0.55
    endloop
  endfacet
  facet normal 0 -1 0
    outer loop
      vertex 5.784999999999998 -5.144999999999999 0.55
      vertex 11.495 -5.144999999999999 0.6000000000000001
      vertex 5.735000000000001 -5.144999999999999 0.6000000000000001
    endloop
  endfacet
  facet normal 0 0 1
    outer loop
      vertex 5.735000000000001 -5.144999999999999 0.6000000000000001
      vertex 11.495 -5.144999999999999 0.6000000000000001
      vertex 5.735000000000001 -2.5349999999999993 0.6000000000000001
    endloop
  endfacet
  facet normal 0 0 -1
    outer loop
      vertex 7.065 -5.144999999999999 0.25
      vertex 7.065 -3.814999999999999 0.25
      vertex 10.215 -2.534999999999999 0.25
    endloop
  endfacet
  facet normal 0 0 -1
    outer loop
      vertex 7.065 -5.144999999999999 0.25
      vertex 10.215 -2.534999999999999 0.25
      vertex 10.215 -3.814999999999999 0.25
    endloop
  endfacet
  facet normal 0 0 -1
    outer loop
      vertex 7.065 -3.814999999999999 0.25
      vertex 7.065 -2.5349999999999993 0.25
      vertex 10.215 -2.534999999999999 0.25
    endloop
  endfacet
  facet normal 0 0 1
    outer loop
      vertex 11.495 -5.144999999999999 0.6000000000000001
      vertex 11.495 -2.5349999999999993 0.6000000000000001
      vertex 5.735000000000001 -2.5349999999999993 0.6000000000000001
    endloop
  endfacet
  facet normal 1 0 0
    outer loop
      vertex 7.065 -2.5349999999999993 0.25
      vertex 7.065 -2.534999999999999 0
      vertex 7.065 -1.2549999999999994 0
    endloop
  endfacet
  facet normal 1 0 0
    outer loop
      vertex 7.065 -2.5349999999999993 0.25
      vertex 7.065 -1.2549999999999994 0
      vertex 7.065 -1.2549999999999994 0.25
    endloop
  endfacet
  facet normal -1 0 0
    outer loop
      vertex 10.215 -2.534999999999999 0.25
      vertex 10.215 -1.2549999999999994 0.25
      vertex 10.215 -2.534999999999999 0
    endloop
  endfacet
  facet normal -1 0 0
    outer loop
      vertex 10.215 -1.2549999999999994 0.25
      vertex 10.215 -1.2549999999999994 0
      vertex 10.215 -2.534999999999999 0
    endloop
  endfacet
  facet normal 1 0 0
    outer loop
      vertex 7.065 -1.2549999999999994 0.25
      vertex 7.065 -1.2549999999999994 0
      vertex 7.065 -0.024999999999999023 0
    endloop
  endfacet
  facet normal 1 0 0
    outer loop
      vertex 7.065 -1.2549999999999994 0.25
      vertex 7.065 -0.024999999999999023 0
      vertex 7.065 -0.0249999999999988 0.25
    endloop
  endfacet
  facet normal -1 0 0
    outer loop
      vertex 10.215 -1.2549999999999994 0.25
      vertex 10.215 -0.0249999999999988 0.25
      vertex 10.215 -1.2549999999999994 0
    endloop
  endfacet
  facet normal -1 0 0
    outer loop
      vertex 10.215 -0.0249999999999988 0.25
      vertex 10.215 -0.024999999999999023 0
      vertex 10.215 -1.2549999999999994 0
    endloop
  endfacet
  facet normal -1 0 0
    outer loop
      vertex 5.735000000000001 -2.5349999999999993 0.55
      vertex 5.735000000000001 -2.5349999999999993 0.6000000000000001
      vertex 5.735000000000001 -0.0249999999999988 0.55
    endloop
  endfacet
  facet normal -1 0 0
    outer loop
      vertex 5.735000000000001 -0.0249999999999988 0.55
      vertex 5.735000000000001 -2.5349999999999993 0.6000000000000001
      vertex 5.735000000000001 -0.0249999999999988 0.5863281250000002
    endloop
  endfacet
  facet normal -1 0 0
    outer loop
      vertex 5.735000000000001 -2.5349999999999993 0.6000000000000001
      vertex 5.735000000000001 -0.0249999999999988 0.6000000000000001
      vertex 5.735000000000001 -0.0249999999999988 0.5863281250000002
    endloop
  endfacet
  facet normal -1 0 0
    outer loop
      vertex 5.735000000000001 -0.0249999999999988 0.55
      vertex 5.735000000000001 -0.0249999999999988 0.5863281250000002
      vertex 5.735000000000001 0.02500000000000061 0.55
    endloop
  endfacet
  facet normal -1 0 0
    outer loop
      vertex 5.735000000000001 -0.0249999999999988 0.5863281250000002
      vertex 5.735000000000001 0.025000000000000577 0.6000000000000001
      vertex 5.735000000000001 0.02500000000000061 0.55
    endloop
  endfacet
  facet normal 0 0 -1
    outer loop
      vertex 7.065 -2.5349999999999993 0.25
      vertex 10.215 -1.2549999999999994 0.25
      vertex 10.215 -2.534999999999999 0.25
    endloop
  endfacet
  facet normal 0 0 -1
    outer loop
      vertex 7.065 -2.5349999999999993 0.25
      vertex 7.065 -1.2549999999999994 0.25
      vertex 10.215 -0.0249999999999988 0.25
    endloop
  endfacet
  facet normal 0 0 -1
    outer loop
      vertex 7.065 -2.5349999999999993 0.25
      vertex 10.215 -0.0249999999999988 0.25
      vertex 10.215 -1.2549999999999994 0.25
    endloop
  endfacet
  facet normal 0 0 1
    outer loop
      vertex 5.735000000000001 -2.5349999999999993 0.6000000000000001
      vertex 11.495 -2.5349999999999993 0.6000000000000001
      vertex 5.735000000000001 -0.0249999999999988 0.6000000000000001
    endloop
  endfacet
  facet normal 0 0 -1
    outer loop
      vertex 7.065 -1.2549999999999994 0.25
      vertex 7.065 -0.0249999999999988 0.25
      vertex 10.215 -0.0249999999999988 0.25
    endloop
  endfacet
  facet normal 0 0 1
    outer loop
      vertex 5.735000000000001 -0.0249999999999988 0.6000000000000001
      vertex 11.495 -2.5349999999999993 0.6000000000000001
      vertex 11.495 -0.0249999999999988 0.6000000000000001
    endloop
  endfacet
  facet normal 1 0 0
    outer loop
      vertex 7.065 -0.0249999999999988 0.25
      vertex 7.065 -0.024999999999999023 0
      vertex 7.065 1.305000000000001 0
    endloop
  endfacet
  facet normal 1 0 0
    outer loop
      vertex 7.065 -0.0249999999999988 0.25
      vertex 7.065 1.305000000000001 0
      vertex 7.065 1.305000000000001 0.25
    endloop
  endfacet
  facet normal -1 0 0
    outer loop
      vertex 10.215 -0.0249999999999988 0.25
      vertex 10.215 1.305000000000001 0.25
      vertex 10.215 -0.024999999999999023 0
    endloop
  endfacet
  facet normal -1 0 0
    outer loop
      vertex 10.215 1.305000000000001 0.25
      vertex 10.215 1.305000000000001 0
      vertex 10.215 -0.024999999999999023 0
    endloop
  endfacet
  facet normal 1 0 0
    outer loop
      vertex 7.065 1.305000000000001 0.25
      vertex 7.065 1.305000000000001 0
      vertex 7.065 2.5349999999999997 0
    endloop
  endfacet
  facet normal 1 0 0
    outer loop
      vertex 7.065 1.305000000000001 0.25
      vertex 7.065 2.5349999999999997 0
      vertex 7.065 2.535 0.25
    endloop
  endfacet
  facet normal -1 0 0
    outer loop
      vertex 10.215 2.535 0.25
      vertex 10.215 2.5349999999999997 0
      vertex 10.215 1.305000000000001 0
    endloop
  endfacet
  facet normal -1 0 0
    outer loop
      vertex 10.215 1.305000000000001 0.25
      vertex 10.215 2.535 0.25
      vertex 10.215 1.305000000000001 0
    endloop
  endfacet
  facet normal -1 0 0
    outer loop
      vertex 5.735000000000001 -0.0249999999999988 0.5863281250000002
      vertex 5.735000000000001 -0.0249999999999988 0.6000000000000001
      vertex 5.735000000000001 0.025000000000000577 0.6000000000000001
    endloop
  endfacet
  facet normal 0 0 1
    outer loop
      vertex 5.735000000000001 -0.0249999999999988 0.6000000000000001
      vertex 11.495 0.025000000000000605 0.6000000000000001
      vertex 5.735000000000001 0.025000000000000577 0.6000000000000001
    endloop
  endfacet
  facet normal 0 0 1
    outer loop
      vertex 5.735000000000001 -0.0249999999999988 0.6000000000000001
      vertex 11.495 -0.0249999999999988 0.6000000000000001
      vertex 11.495 0.025000000000000605 0.6000000000000001
    endloop
  endfacet
  facet normal -1 0 0
    outer loop
      vertex 5.735000000000001 0.02500000000000061 0.55
      vertex 5.735000000000001 0.025000000000000577 0.6000000000000001
      vertex 5.735000000000001 2.535 0.55
    endloop
  endfacet
  facet normal -1 0 0
    outer loop
      vertex 5.735000000000001 2.535 0.55
      vertex 5.735000000000001 0.025000000000000577 0.6000000000000001
      vertex 5.735000000000001 2.535 0.5863281249999999
    endloop
  endfacet
  facet normal -1 0 0
    outer loop
      vertex 5.735000000000001 0.025000000000000577 0.6000000000000001
      vertex 5.735000000000001 2.535 0.6000000000000001
      vertex 5.735000000000001 2.535 0.5863281249999999
    endloop
  endfacet
  facet normal -1 0 0
    outer loop
      vertex 5.735000000000001 2.535 0.55
      vertex 5.735000000000001 2.535 0.5863281249999999
      vertex 5.735000000000001 2.585000000000001 0.55
    endloop
  endfacet
  facet normal -1 0 0
    outer loop
      vertex 5.735000000000001 2.535 0.5863281249999999
      vertex 5.735000000000001 2.585000000000001 0.6000000000000001
      vertex 5.735000000000001 2.585000000000001 0.55
    endloop
  endfacet
  facet normal 0 0 -1
    outer loop
      vertex 7.065 -0.0249999999999988 0.25
      vertex 10.215 1.305000000000001 0.25
      vertex 10.215 -0.0249999999999988 0.25
    endloop
  endfacet
  facet normal 0 0 -1
    outer loop
      vertex 7.065 -0.0249999999999988 0.25
      vertex 7.065 1.305000000000001 0.25
      vertex 10.215 2.535 0.25
    endloop
  endfacet
  facet normal 0 0 -1
    outer loop
      vertex 7.065 -0.0249999999999988 0.25
      vertex 10.215 2.535 0.25
      vertex 10.215 1.305000000000001 0.25
    endloop
  endfacet
  facet normal 0 0 1
    outer loop
      vertex 5.735000000000001 0.025000000000000577 0.6000000000000001
      vertex 11.495 0.025000000000000605 0.6000000000000001
      vertex 5.735000000000001 2.535 0.6000000000000001
    endloop
  endfacet
  facet normal 0 0 -1
    outer loop
      vertex 7.065 1.305000000000001 0.25
      vertex 7.065 2.535 0.25
      vertex 10.215 2.535 0.25
    endloop
  endfacet
  facet normal 0 0 1
    outer loop
      vertex 5.735000000000001 2.535 0.6000000000000001
      vertex 11.495 0.025000000000000605 0.6000000000000001
      vertex 11.495 2.535 0.6000000000000001
    endloop
  endfacet
  facet normal 1 0 0
    outer loop
      vertex 7.065 2.535 0.25
      vertex 7.065 2.5349999999999997 0
      vertex 7.065 3.8649999999999998 0
    endloop
  endfacet
  facet normal 1 0 0
    outer loop
      vertex 7.065 2.535 0.25
      vertex 7.065 3.8649999999999998 0
      vertex 7.065 3.8649999999999998 0.25
    endloop
  endfacet
  facet normal -1 0 0
    outer loop
      vertex 10.215 3.8649999999999998 0.25
      vertex 10.215 3.8649999999999998 0
      vertex 10.215 2.5349999999999997 0
    endloop
  endfacet
  facet normal -1 0 0
    outer loop
      vertex 10.215 2.535 0.25
      vertex 10.215 3.8649999999999998 0.25
      vertex 10.215 2.5349999999999997 0
    endloop
  endfacet
  facet normal 1 0 0
    outer loop
      vertex 7.065 3.8649999999999998 0.25
      vertex 7.065 3.8649999999999998 0
      vertex 7.065 5.145 0
    endloop
  endfacet
  facet normal 1 0 0
    outer loop
      vertex 7.065 3.8649999999999998 0.25
      vertex 7.065 5.145 0
      vertex 7.065 5.145 0.25
    endloop
  endfacet
  facet normal 0 1 0
    outer loop
      vertex 7.065 5.145 0.25
      vertex 7.065 5.145 0
      vertex 5.784999999999999 5.145 0
    endloop
  endfacet
  facet normal 0 1 0
    outer loop
      vertex 5.784999999999998 5.145 0.25
      vertex 7.065 5.145 0.25
      vertex 5.784999999999999 5.145 0
    endloop
  endfacet
  facet normal -1 0 0
    outer loop
      vertex 10.215 5.145 0.25
      vertex 10.215 5.145 0
      vertex 10.215 3.8649999999999998 0
    endloop
  endfacet
  facet normal -1 0 0
    outer loop
      vertex 10.215 3.8649999999999998 0.25
      vertex 10.215 5.145 0.25
      vertex 10.215 3.8649999999999998 0
    endloop
  endfacet
  facet normal 0 1 0
    outer loop
      vertex 11.494999999999997 5.145 0.25
      vertex 11.494999999999997 5.145 0
      vertex 10.215 5.145 0
    endloop
  endfacet
  facet normal 0 1 0
    outer loop
      vertex 10.215 5.145 0.25
      vertex 11.494999999999997 5.145 0.25
      vertex 10.215 5.145 0
    endloop
  endfacet
  facet normal -1 0 0
    outer loop
      vertex 5.735000000000001 2.535 0.5863281249999999
      vertex 5.735000000000001 2.535 0.6000000000000001
      vertex 5.735000000000001 2.585000000000001 0.6000000000000001
    endloop
  endfacet
  facet normal 0 0 1
    outer loop
      vertex 5.735000000000001 2.535 0.6000000000000001
      vertex 11.495 2.535 0.6000000000000001
      vertex 5.735000000000001 2.585000000000001 0.6000000000000001
    endloop
  endfacet
  facet normal -1 0 0
    outer loop
      vertex 5.735000000000001 2.585000000000001 0.55
      vertex 5.735000000000001 2.585000000000001 0.6000000000000001
      vertex 5.735000000000001 5.145 0.55
    endloop
  endfacet
  facet normal -1 0 0
    outer loop
      vertex 5.735000000000001 5.145 0.55
      vertex 5.735000000000001 2.585000000000001 0.6000000000000001
      vertex 5.735000000000001 5.145 0.6000000000000001
    endloop
  endfacet
  facet normal 0 1 0
    outer loop
      vertex 5.784999999999998 5.145 0.25
      vertex 5.784999999999998 5.145 0.55
      vertex 7.065 5.145 0.25
    endloop
  endfacet
  facet normal 0 1 0
    outer loop
      vertex 7.065 5.145 0.25
      vertex 5.784999999999998 5.145 0.55
      vertex 5.735000000000001 5.145 0.6000000000000001
    endloop
  endfacet
  facet normal 0 1 0
    outer loop
      vertex 5.735000000000001 5.145 0.55
      vertex 5.735000000000001 5.145 0.6000000000000001
      vertex 5.784999999999998 5.145 0.55
    endloop
  endfacet
  facet normal 0 0 -1
    outer loop
      vertex 7.065 2.535 0.25
      vertex 10.215 3.8649999999999998 0.25
      vertex 10.215 2.535 0.25
    endloop
  endfacet
  facet normal 0 0 -1
    outer loop
      vertex 7.065 2.535 0.25
      vertex 7.065 3.8649999999999998 0.25
      vertex 10.215 5.145 0.25
    endloop
  endfacet
  facet normal 0 0 -1
    outer loop
      vertex 7.065 2.535 0.25
      vertex 10.215 5.145 0.25
      vertex 10.215 3.8649999999999998 0.25
    endloop
  endfacet
  facet normal 0 0 1
    outer loop
      vertex 11.495 2.535 0.6000000000000001
      vertex 5.735000000000001 5.145 0.6000000000000001
      vertex 5.735000000000001 2.585000000000001 0.6000000000000001
    endloop
  endfacet
  facet normal 0 0 1
    outer loop
      vertex 11.495 2.535 0.6000000000000001
      vertex 11.495 2.585000000000001 0.6000000000000001
      vertex 5.735000000000001 5.145 0.6000000000000001
    endloop
  endfacet
  facet normal 0 0 -1
    outer loop
      vertex 7.065 3.8649999999999998 0.25
      vertex 7.065 5.145 0.25
      vertex 10.215 5.145 0.25
    endloop
  endfacet
  facet normal 0 0 1
    outer loop
      vertex 5.735000000000001 5.145 0.6000000000000001
      vertex 11.495 2.585000000000001 0.6000000000000001
      vertex 11.495 5.145 0.6000000000000001
    endloop
  endfacet
  facet normal 0 1 0
    outer loop
      vertex 7.065 5.145 0.25
      vertex 5.735000000000001 5.145 0.6000000000000001
      vertex 10.215 5.145 0.25
    endloop
  endfacet
  facet normal 0 1 0
    outer loop
      vertex 10.215 5.145 0.25
      vertex 5.735000000000001 5.145 0.6000000000000001
      vertex 11.495 5.145 0.6000000000000001
    endloop
  endfacet
  facet normal 0 1 0
    outer loop
      vertex 10.215 5.145 0.25
      vertex 11.495 5.145 0.6000000000000001
      vertex 11.494999999999997 5.145 0.25
    endloop
  endfacet
  facet normal 0 -1 3.552713678800501e-15
    outer loop
      vertex 12.824999999999998 -5.144999999999999 0.25
      vertex 11.494999999999997 -5.145 0
      vertex 12.825 -5.145 0
    endloop
  endfacet
  facet normal 1 0 7.105427357601002e-15
    outer loop
      vertex 12.824999999999998 -5.144999999999999 0.25
      vertex 12.825 -5.145 0
      vertex 12.825 -3.814999999999999 0
    endloop
  endfacet
  facet normal 0 -1 3.552713678800501e-15
    outer loop
      vertex 11.495 -5.144999999999999 0.25
      vertex 11.494999999999997 -5.145 0
      vertex 12.824999999999998 -5.144999999999999 0.25
    endloop
  endfacet
  facet normal 1 -1.3356066461656022e-15 0
    outer loop
      vertex 12.824999999999998 -5.144999999999999 0.25
      vertex 12.825 -3.814999999999999 0
      vertex 12.825 -3.814999999999999 0.25
    endloop
  endfacet
  facet normal 0 -1 3.552713678800501e-15
    outer loop
      vertex 17.254999999999995 -5.144999999999999 0.25
      vertex 15.974999999999998 -5.145 0
      vertex 17.254999999999995 -5.145 0
    endloop
  endfacet
  facet normal 0 -1 3.552713678800501e-15
    outer loop
      vertex 15.974999999999998 -5.144999999999999 0.25
      vertex 15.974999999999998 -5.145 0
      vertex 17.254999999999995 -5.144999999999999 0.25
    endloop
  endfacet
  facet normal -1 0 0
    outer loop
      vertex 15.974999999999998 -5.144999999999999 0.25
      vertex 15.974999999999998 -3.814999999999999 0.25
      vertex 15.974999999999998 -5.145 0
    endloop
  endfacet
  facet normal -1 0 0
    outer loop
      vertex 15.974999999999998 -3.814999999999999 0.25
      vertex 15.974999999999998 -3.814999999999999 0
      vertex 15.974999999999998 -5.145 0
    endloop
  endfacet
  facet normal 1 0 0
    outer loop
      vertex 12.825 -3.814999999999999 0.25
      vertex 12.825 -3.814999999999999 0
      vertex 12.825 -2.534999999999999 0
    endloop
  endfacet
  facet normal 1 0 0
    outer loop
      vertex 12.825 -3.814999999999999 0.25
      vertex 12.825 -2.534999999999999 0
      vertex 12.825 -2.5349999999999993 0.25
    endloop
  endfacet
  facet normal -1 0 0
    outer loop
      vertex 15.974999999999998 -3.814999999999999 0.25
      vertex 15.974999999999998 -2.534999999999999 0.25
      vertex 15.974999999999998 -3.814999999999999 0
    endloop
  endfacet
  facet normal -1 0 0
    outer loop
      vertex 15.974999999999998 -2.534999999999999 0.25
      vertex 15.974999999999998 -2.534999999999999 0
      vertex 15.974999999999998 -3.814999999999999 0
    endloop
  endfacet
  facet normal 0 -1 0
    outer loop
      vertex 11.495 -5.144999999999999 0.25
      vertex 12.824999999999998 -5.144999999999999 0.25
      vertex 17.305 -5.144999999999999 0.65
    endloop
  endfacet
  facet normal 0 -1 0
    outer loop
      vertex 11.495 -5.144999999999999 0.25
      vertex 17.305 -5.144999999999999 0.65
      vertex 11.495 -5.144999999999999 0.6000000000000001
    endloop
  endfacet
  facet normal 0 -1 0
    outer loop
      vertex 11.495 -5.144999999999999 0.6000000000000001
      vertex 17.254999999999995 -5.144999999999999 0.65
      vertex 11.495 -5.144999999999999 0.65
    endloop
  endfacet
  facet normal -1 0 0
    outer loop
      vertex 11.495 -5.144999999999999 0.6000000000000001
      vertex 11.495 -5.144999999999999 0.65
      vertex 11.495 -2.5349999999999993 0.65
    endloop
  endfacet
  facet normal 0 0 -1
    outer loop
      vertex 12.824999999999998 -5.144999999999999 0.25
      vertex 12.825 -3.814999999999999 0.25
      vertex 15.974999999999998 -2.534999999999999 0.25
    endloop
  endfacet
  facet normal 0 0 -1
    outer loop
      vertex 12.825 -3.814999999999999 0.25
      vertex 12.825 -2.5349999999999993 0.25
      vertex 15.974999999999998 -2.534999999999999 0.25
    endloop
  endfacet
  facet normal -1 0 0
    outer loop
      vertex 11.495 -5.144999999999999 0.6000000000000001
      vertex 11.495 -2.5349999999999993 0.65
      vertex 11.495 -2.5349999999999993 0.6000000000000001
    endloop
  endfacet
  facet normal 0 0 1
    outer loop
      vertex 11.495 -5.144999999999999 0.65
      vertex 17.254999999999995 -2.5349999999999993 0.65
      vertex 11.495 -2.5349999999999993 0.65
    endloop
  endfacet
  facet normal 0 0 -1
    outer loop
      vertex 12.824999999999998 -5.144999999999999 0.25
      vertex 15.974999999999998 -3.814999999999999 0.25
      vertex 15.974999999999998 -5.144999999999999 0.25
    endloop
  endfacet
  facet normal 0 -1 0
    outer loop
      vertex 12.824999999999998 -5.144999999999999 0.25
      vertex 15.974999999999998 -5.144999999999999 0.25
      vertex 17.305 -5.144999999999999 0.65
    endloop
  endfacet
  facet normal 0 -1 0
    outer loop
      vertex 15.974999999999998 -5.144999999999999 0.25
      vertex 17.254999999999995 -5.144999999999999 0.25
      vertex 17.305 -5.144999999999999 0.65
    endloop
  endfacet
  facet normal 0 -1 0
    outer loop
      vertex 17.254999999999995 -5.144999999999999 0.25
      vertex 17.305 -5.144999999999999 0.25
      vertex 17.305 -5.144999999999999 0.65
    endloop
  endfacet
  facet normal 0 -1 0
    outer loop
      vertex 11.495 -5.144999999999999 0.6000000000000001
      vertex 17.305 -5.144999999999999 0.65
      vertex 17.254999999999995 -5.144999999999999 0.65
    endloop
  endfacet
  facet normal 0 0 1
    outer loop
      vertex 11.495 -5.144999999999999 0.65
      vertex 17.254999999999995 -5.144999999999999 0.65
      vertex 17.254999999999995 -2.5349999999999993 0.65
    endloop
  endfacet
  facet normal 0 0 -1
    outer loop
      vertex 12.824999999999998 -5.144999999999999 0.25
      vertex 15.974999999999998 -2.534999999999999 0.25
      vertex 15.974999999999998 -3.814999999999999 0.25
    endloop
  endfacet
  facet normal 1 0 0
    outer loop
      vertex 12.825 -2.5349999999999993 0.25
      vertex 12.825 -2.534999999999999 0
      vertex 12.825 -1.2549999999999994 0
    endloop
  endfacet
  facet normal 1 0 0
    outer loop
      vertex 12.825 -2.5349999999999993 0.25
      vertex 12.825 -1.2549999999999994 0
      vertex 12.825 -1.2549999999999994 0.25
    endloop
  endfacet
  facet normal -1 0 0
    outer loop
      vertex 15.974999999999998 -2.534999999999999 0.25
      vertex 15.974999999999998 -1.2549999999999994 0.25
      vertex 15.974999999999998 -2.534999999999999 0
    endloop
  endfacet
  facet normal -1 0 0
    outer loop
      vertex 15.974999999999998 -1.2549999999999994 0.25
      vertex 15.974999999999998 -1.2549999999999994 0
      vertex 15.974999999999998 -2.534999999999999 0
    endloop
  endfacet
  facet normal 1 0 0
    outer loop
      vertex 12.825 -1.2549999999999994 0.25
      vertex 12.825 -1.2549999999999994 0
      vertex 12.825 0.0250000000000008 0
    endloop
  endfacet
  facet normal 1 0 0
    outer loop
      vertex 12.825 -1.2549999999999994 0.25
      vertex 12.825 0.0250000000000008 0
      vertex 12.825 -0.024999999999997358 0.25
    endloop
  endfacet
  facet normal 1 3.552713678800648e-14 7.105427357601033e-15
    outer loop
      vertex 12.825 -0.024999999999997358 0.25
      vertex 12.825 0.0250000000000008 0
      vertex 12.824999999999998 0.025000000000000577 0.25
    endloop
  endfacet
  facet normal -1 0 0
    outer loop
      vertex 15.974999999999998 -1.2549999999999994 0.25
      vertex 15.974999999999998 -0.0249999999999988 0.25
      vertex 15.974999999999998 -1.2549999999999994 0
    endloop
  endfacet
  facet normal -1 0 0
    outer loop
      vertex 15.974999999999998 -0.0249999999999988 0.25
      vertex 15.974999999999998 -0.024999999999999023 0
      vertex 15.974999999999998 -1.2549999999999994 0
    endloop
  endfacet
  facet normal 0 0 -1
    outer loop
      vertex 12.825 -2.5349999999999993 0.25
      vertex 12.825 -1.2549999999999994 0.25
      vertex 15.974999999999998 -0.0249999999999988 0.25
    endloop
  endfacet
  facet normal -1 0 0
    outer loop
      vertex 11.495 -2.5349999999999993 0.6000000000000001
      vertex 11.495 -2.5349999999999993 0.65
      vertex 11.495 -0.0249999999999988 0.65
    endloop
  endfacet
  facet normal 0 0 -1
    outer loop
      vertex 12.825 -1.2549999999999994 0.25
      vertex 12.825 -0.024999999999997358 0.25
      vertex 15.974999999999998 -0.0249999999999988 0.25
    endloop
  endfacet
  facet normal -1 0 0
    outer loop
      vertex 11.495 -2.5349999999999993 0.6000000000000001
      vertex 11.495 -0.0249999999999988 0.6343750000000002
      vertex 11.495 -0.0249999999999988 0.6000000000000001
    endloop
  endfacet
  facet normal -1 0 0
    outer loop
      vertex 11.495 -2.5349999999999993 0.6000000000000001
      vertex 11.495 -0.0249999999999988 0.65
      vertex 11.495 -0.0249999999999988 0.6343750000000002
    endloop
  endfacet
  facet normal 0 0 1
    outer loop
      vertex 11.495 -2.5349999999999993 0.65
      vertex 17.254999999999995 -0.024999999999998777 0.65
      vertex 11.495 -0.0249999999999988 0.65
    endloop
  endfacet
  facet normal -1 0 0
    outer loop
      vertex 11.495 -0.0249999999999988 0.6000000000000001
      vertex 11.495 -0.0249999999999988 0.6343750000000002
      vertex 11.495 0.025000000000000605 0.6000000000000001
    endloop
  endfacet
  facet normal -1 0 0
    outer loop
      vertex 11.495 -0.0249999999999988 0.6343750000000002
      vertex 11.495 0.025000000000000577 0.65
      vertex 11.495 0.025000000000000605 0.6000000000000001
    endloop
  endfacet
  facet normal 0 0 -1
    outer loop
      vertex 12.825 -2.5349999999999993 0.25
      vertex 15.974999999999998 -1.2549999999999994 0.25
      vertex 15.974999999999998 -2.534999999999999 0.25
    endloop
  endfacet
  facet normal 0 0 -1
    outer loop
      vertex 12.825 -2.5349999999999993 0.25
      vertex 15.974999999999998 -0.0249999999999988 0.25
      vertex 15.974999999999998 -1.2549999999999994 0.25
    endloop
  endfacet
  facet normal 0 0 1
    outer loop
      vertex 11.495 -2.5349999999999993 0.65
      vertex 17.254999999999995 -2.5349999999999993 0.65
      vertex 17.254999999999995 -0.024999999999998777 0.65
    endloop
  endfacet
  facet normal 1 -1.387778780781445e-15 7.105427357601e-15
    outer loop
      vertex 12.824999999999998 0.025000000000000577 0.25
      vertex 12.825 0.0250000000000008 0
      vertex 12.825 1.305000000000001 0.25
    endloop
  endfacet
  facet normal 1 0 0
    outer loop
      vertex 12.825 1.305000000000001 0.25
      vertex 12.825 0.0250000000000008 0
      vertex 12.825 1.305000000000001 0
    endloop
  endfacet
  facet normal -1 0 0
    outer loop
      vertex 15.974999999999998 -0.0249999999999988 0.25
      vertex 15.974999999999998 1.305000000000001 0.25
      vertex 15.974999999999998 -0.024999999999999023 0
    endloop
  endfacet
  facet normal -1 0 0
    outer loop
      vertex 15.974999999999998 1.305000000000001 0.25
      vertex 15.974999999999998 1.305000000000001 0
      vertex 15.974999999999998 -0.024999999999999023 0
    endloop
  endfacet
  facet normal 1 0 0
    outer loop
      vertex 12.825 1.305000000000001 0.25
      vertex 12.825 1.305000000000001 0
      vertex 12.825 2.5850000000000013 0
    endloop
  endfacet
  facet normal 1 0 0
    outer loop
      vertex 12.825 1.305000000000001 0.25
      vertex 12.825 2.5850000000000013 0
      vertex 12.825 2.5350000000000015 0.25
    endloop
  endfacet
  facet normal 1 3.552713678800545e-14 7.105427357601065e-15
    outer loop
      vertex 12.825 2.5350000000000015 0.25
      vertex 12.825 2.5850000000000013 0
      vertex 12.824999999999998 2.585000000000001 0.25
    endloop
  endfacet
  facet normal -1 0 0
    outer loop
      vertex 15.974999999999998 2.535 0.25
      vertex 15.974999999999998 2.5349999999999997 0
      vertex 15.974999999999998 1.305000000000001 0
    endloop
  endfacet
  facet normal -1 0 0
    outer loop
      vertex 15.974999999999998 1.305000000000001 0.25
      vertex 15.974999999999998 2.535 0.25
      vertex 15.974999999999998 1.305000000000001 0
    endloop
  endfacet
  facet normal -1 0 0
    outer loop
      vertex 11.495 -0.0249999999999988 0.6343750000000002
      vertex 11.495 -0.0249999999999988 0.65
      vertex 11.495 0.025000000000000577 0.65
    endloop
  endfacet
  facet normal 0 0 -1
    outer loop
      vertex 12.825 -0.024999999999997358 0.25
      vertex 12.824999999999998 0.025000000000000577 0.25
      vertex 15.974999999999998 2.535 0.25
    endloop
  endfacet
  facet normal 0 0 -1
    outer loop
      vertex 12.824999999999998 0.025000000000000577 0.25
      vertex 12.825 1.305000000000001 0.25
      vertex 15.974999999999998 2.535 0.25
    endloop
  endfacet
  facet normal -1 0 0
    outer loop
      vertex 11.495 0.025000000000000605 0.6000000000000001
      vertex 11.495 0.025000000000000577 0.65
      vertex 11.495 2.535 0.65
    endloop
  endfacet
  facet normal 0 0 1
    outer loop
      vertex 11.495 -0.0249999999999988 0.65
      vertex 17.254999999999995 2.535 0.65
      vertex 11.495 0.025000000000000577 0.65
    endloop
  endfacet
  facet normal 0 0 -1
    outer loop
      vertex 12.825 1.305000000000001 0.25
      vertex 12.825 2.5350000000000015 0.25
      vertex 15.974999999999998 2.535 0.25
    endloop
  endfacet
  facet normal -1 0 0
    outer loop
      vertex 11.495 0.025000000000000605 0.6000000000000001
      vertex 11.495 2.535 0.6343749999999998
      vertex 11.495 2.535 0.6000000000000001
    endloop
  endfacet
  facet normal -1 0 0
    outer loop
      vertex 11.495 0.025000000000000605 0.6000000000000001
      vertex 11.495 2.535 0.65
      vertex 11.495 2.535 0.6343749999999998
    endloop
  endfacet
  facet normal 0 0 1
    outer loop
      vertex 11.495 0.025000000000000577 0.65
      vertex 17.254999999999995 2.535 0.65
      vertex 11.495 2.535 0.65
    endloop
  endfacet
  facet normal -1 0 0
    outer loop
      vertex 11.495 2.535 0.6000000000000001
      vertex 11.495 2.585000000000001 0.65
      vertex 11.495 2.585000000000001 0.6000000000000001
    endloop
  endfacet
  facet normal -1 0 0
    outer loop
      vertex 11.495 2.535 0.6000000000000001
      vertex 11.495 2.535 0.6343749999999998
      vertex 11.495 2.585000000000001 0.65
    endloop
  endfacet
  facet normal 0 0 -1
    outer loop
      vertex 12.825 -0.024999999999997358 0.25
      vertex 15.974999999999998 1.305000000000001 0.25
      vertex 15.974999999999998 -0.0249999999999988 0.25
    endloop
  endfacet
  facet normal 0 0 -1
    outer loop
      vertex 12.825 -0.024999999999997358 0.25
      vertex 15.974999999999998 2.535 0.25
      vertex 15.974999999999998 1.305000000000001 0.25
    endloop
  endfacet
  facet normal 0 0 1
    outer loop
      vertex 11.495 -0.0249999999999988 0.65
      vertex 17.254999999999995 -0.024999999999998777 0.65
      vertex 17.254999999999995 2.535 0.65
    endloop
  endfacet
  facet normal 1 0 0
    outer loop
      vertex 12.825 3.8649999999999998 0.25
      vertex 12.825 2.5850000000000013 0
      vertex 12.825 3.8649999999999998 0
    endloop
  endfacet
  facet normal 1 -1.3877787807814469e-15 7.1054273576009995e-15
    outer loop
      vertex 12.824999999999998 2.585000000000001 0.25
      vertex 12.825 2.5850000000000013 0
      vertex 12.825 3.8649999999999998 0.25
    endloop
  endfacet
  facet normal -1 0 0
    outer loop
      vertex 15.974999999999998 3.8649999999999998 0.25
      vertex 15.974999999999998 3.8649999999999998 0
      vertex 15.974999999999998 2.5349999999999997 0
    endloop
  endfacet
  facet normal -1 0 0
    outer loop
      vertex 15.974999999999998 2.535 0.25
      vertex 15.974999999999998 3.8649999999999998 0.25
      vertex 15.974999999999998 2.5349999999999997 0
    endloop
  endfacet
  facet normal 1 0 0
    outer loop
      vertex 12.825 3.8649999999999998 0.25
      vertex 12.825 3.8649999999999998 0
      vertex 12.825 5.145 0
    endloop
  endfacet
  facet normal 1 0 0
    outer loop
      vertex 12.825 3.8649999999999998 0.25
      vertex 12.825 5.145 0
      vertex 12.825 5.145 0.25
    endloop
  endfacet
  facet normal 0 1 0
    outer loop
      vertex 11.494999999999997 5.145 0.25
      vertex 12.825 5.145 0
      vertex 11.494999999999997 5.145 0
    endloop
  endfacet
  facet normal 0 1 0
    outer loop
      vertex 11.494999999999997 5.145 0.25
      vertex 12.825 5.145 0.25
      vertex 12.825 5.145 0
    endloop
  endfacet
  facet normal -1 0 0
    outer loop
      vertex 15.974999999999998 5.145 0.25
      vertex 15.974999999999998 5.145 0
      vertex 15.974999999999998 3.8649999999999998 0
    endloop
  endfacet
  facet normal -1 0 0
    outer loop
      vertex 15.974999999999998 3.8649999999999998 0.25
      vertex 15.974999999999998 5.145 0.25
      vertex 15.974999999999998 3.8649999999999998 0
    endloop
  endfacet
  facet normal 0 1 0
    outer loop
      vertex 15.974999999999998 5.145 0.25
      vertex 17.305 5.145 0
      vertex 15.974999999999998 5.145 0
    endloop
  endfacet
  facet normal 0 1 0
    outer loop
      vertex 15.974999999999998 5.145 0.25
      vertex 17.305 5.145 0.25
      vertex 17.305 5.145 0
    endloop
  endfacet
  facet normal -1 0 0
    outer loop
      vertex 11.495 2.535 0.6343749999999998
      vertex 11.495 2.535 0.65
      vertex 11.495 2.585000000000001 0.65
    endloop
  endfacet
  facet normal 0 0 -1
    outer loop
      vertex 12.825 2.5350000000000015 0.25
      vertex 12.824999999999998 2.585000000000001 0.25
      vertex 15.974999999999998 5.145 0.25
    endloop
  endfacet
  facet normal 0 0 -1
    outer loop
      vertex 12.824999999999998 2.585000000000001 0.25
      vertex 12.825 3.8649999999999998 0.25
      vertex 15.974999999999998 5.145 0.25
    endloop
  endfacet
  facet normal -1 0 0
    outer loop
      vertex 11.495 2.585000000000001 0.6000000000000001
      vertex 11.495 2.585000000000001 0.65
      vertex 11.495 5.145 0.65
    endloop
  endfacet
  facet normal 0 0 1
    outer loop
      vertex 11.495 2.535 0.65
      vertex 17.254999999999995 5.145 0.65
      vertex 11.495 2.585000000000001 0.65
    endloop
  endfacet
  facet normal 0 0 -1
    outer loop
      vertex 12.825 3.8649999999999998 0.25
      vertex 12.825 5.145 0.25
      vertex 15.974999999999998 5.145 0.25
    endloop
  endfacet
  facet normal -1 0 0
    outer loop
      vertex 11.495 2.585000000000001 0.6000000000000001
      vertex 11.495 5.145 0.65
      vertex 11.495 5.145 0.6000000000000001
    endloop
  endfacet
  facet normal 0 0 1
    outer loop
      vertex 11.495 2.585000000000001 0.65
      vertex 17.254999999999995 5.145 0.65
      vertex 11.495 5.145 0.65
    endloop
  endfacet
  facet normal 0 1 0
    outer loop
      vertex 11.494999999999997 5.145 0.25
      vertex 11.495 5.145 0.6000000000000001
      vertex 12.825 5.145 0.25
    endloop
  endfacet
  facet normal 0 1 0
    outer loop
      vertex 12.825 5.145 0.25
      vertex 11.495 5.145 0.6000000000000001
      vertex 11.495 5.145 0.65
    endloop
  endfacet
  facet normal 0 1 0
    outer loop
      vertex 12.825 5.145 0.25
      vertex 11.495 5.145 0.65
      vertex 15.974999999999998 5.145 0.25
    endloop
  endfacet
  facet normal 0 0 -1
    outer loop
      vertex 12.825 2.5350000000000015 0.25
      vertex 15.974999999999998 3.8649999999999998 0.25
      vertex 15.974999999999998 2.535 0.25
    endloop
  endfacet
  facet normal 0 0 -1
    outer loop
      vertex 12.825 2.5350000000000015 0.25
      vertex 15.974999999999998 5.145 0.25
      vertex 15.974999999999998 3.8649999999999998 0.25
    endloop
  endfacet
  facet normal 0 0 1
    outer loop
      vertex 11.495 2.535 0.65
      vertex 17.254999999999995 2.535 0.65
      vertex 17.254999999999995 5.145 0.65
    endloop
  endfacet
  facet normal 0 1 0
    outer loop
      vertex 15.974999999999998 5.145 0.25
      vertex 11.495 5.145 0.65
      vertex 17.305 5.145 0.25
    endloop
  endfacet
  facet normal 0 1 0
    outer loop
      vertex 17.305 5.145 0.25
      vertex 11.495 5.145 0.65
      vertex 17.254999999999995 5.145 0.65
    endloop
  endfacet
  facet normal 0 1 0
    outer loop
      vertex 17.305 5.145 0.25
      vertex 17.254999999999995 5.145 0.65
      vertex 17.305 5.145 0.65
    endloop
  endfacet
  facet normal 0 -1 3.552713678800501e-15
    outer loop
      vertex 18.584999999999997 -5.144999999999999 0.25
      vertex 17.254999999999995 -5.145 0
      vertex 18.584999999999997 -5.145 0
    endloop
  endfacet
  facet normal 0 -1 3.552713678800501e-15
    outer loop
      vertex 17.254999999999995 -5.144999999999999 0.25
      vertex 17.254999999999995 -5.145 0
      vertex 17.305 -5.144999999999999 0.25
    endloop
  endfacet
  facet normal 0 -1 3.552713678800501e-15
    outer loop
      vertex 17.305 -5.144999999999999 0.25
      vertex 17.254999999999995 -5.145 0
      vertex 18.584999999999997 -5.144999999999999 0.25
    endloop
  endfacet
  facet normal 1 0 0
    outer loop
      vertex 18.584999999999997 -5.144999999999999 0.25
      vertex 18.584999999999997 -5.145 0
      vertex 18.584999999999997 -3.814999999999999 0
    endloop
  endfacet
  facet normal 1 0 0
    outer loop
      vertex 18.584999999999997 -5.144999999999999 0.25
      vertex 18.584999999999997 -3.814999999999999 0
      vertex 18.584999999999997 -3.814999999999999 0.24999999999999997
    endloop
  endfacet
  facet normal -1 0 0
    outer loop
      vertex 21.734999999999996 -5.144999999999999 0.24999999999999997
      vertex 21.734999999999996 -3.814999999999999 0.24999999999999997
      vertex 21.734999999999996 -5.145 0
    endloop
  endfacet
  facet normal -1 0 0
    outer loop
      vertex 21.734999999999996 -3.814999999999999 0.24999999999999997
      vertex 21.734999999999996 -3.814999999999999 0
      vertex 21.734999999999996 -5.145 0
    endloop
  endfacet
  facet normal 0 -1 3.552713678800502e-15
    outer loop
      vertex 21.734999999999996 -5.144999999999999 0.24999999999999997
      vertex 21.734999999999996 -5.145 0
      vertex 23.014999999999993 -5.145 0
    endloop
  endfacet
  facet normal -7.703719777548958e-32 -1 3.552713678800501e-15
    outer loop
      vertex 21.734999999999996 -5.144999999999999 0.24999999999999997
      vertex 23.014999999999993 -5.145 0
      vertex 23.014999999999993 -5.144999999999999 0.25
    endloop
  endfacet
  facet normal 1 0 0
    outer loop
      vertex 18.584999999999997 -3.814999999999999 0.24999999999999997
      vertex 18.584999999999997 -3.814999999999999 0
      vertex 18.584999999999997 -2.534999999999999 0
    endloop
  endfacet
  facet normal 1 0 0
    outer loop
      vertex 18.584999999999997 -3.814999999999999 0.24999999999999997
      vertex 18.584999999999997 -2.534999999999999 0
      vertex 18.584999999999997 -2.5349999999999993 0.25
    endloop
  endfacet
  facet normal -1 0 0
    outer loop
      vertex 21.734999999999996 -3.814999999999999 0.24999999999999997
      vertex 21.734999999999996 -2.584999999999999 0.24999999999999997
      vertex 21.734999999999996 -3.814999999999999 0
    endloop
  endfacet
  facet normal -1 0 0
    outer loop
      vertex 21.734999999999996 -2.534999999999999 0.24999999999999997
      vertex 21.734999999999996 -2.534999999999999 0
      vertex 21.734999999999996 -3.814999999999999 0
    endloop
  endfacet
  facet normal -1 0 0
    outer loop
      vertex 21.734999999999996 -2.584999999999999 0.24999999999999997
      vertex 21.734999999999996 -2.534999999999999 0.24999999999999997
      vertex 21.734999999999996 -3.814999999999999 0
    endloop
  endfacet
  facet normal -8.811293846231405e-18 0 -1
    outer loop
      vertex 18.584999999999997 -5.144999999999999 0.25
      vertex 21.734999999999996 -3.814999999999999 0.24999999999999997
      vertex 21.734999999999996 -5.144999999999999 0.24999999999999997
    endloop
  endfacet
  facet normal 0 -1 0
    outer loop
      vertex 17.305 -5.144999999999999 0.25
      vertex 18.584999999999997 -5.144999999999999 0.25
      vertex 17.305 -5.144999999999999 0.65
    endloop
  endfacet
  facet normal 0 -1 0
    outer loop
      vertex 17.254999999999995 -5.144999999999999 0.65
      vertex 17.305 -5.144999999999999 0.65
      vertex 17.254999999999995 -5.144999999999999 0.7
    endloop
  endfacet
  facet normal -1 0 0
    outer loop
      vertex 17.254999999999995 -5.144999999999999 0.65
      vertex 17.254999999999995 -5.144999999999999 0.7
      vertex 17.254999999999995 -2.5349999999999993 0.65
    endloop
  endfacet
  facet normal 0 -1 0
    outer loop
      vertex 18.584999999999997 -5.144999999999999 0.25
      vertex 21.734999999999996 -5.144999999999999 0.24999999999999997
      vertex 17.305 -5.144999999999999 0.65
    endloop
  endfacet
  facet normal 0 -1 0
    outer loop
      vertex 21.734999999999996 -5.144999999999999 0.24999999999999997
      vertex 23.014999999999993 -5.144999999999999 0.25
      vertex 17.305 -5.144999999999999 0.65
    endloop
  endfacet
  facet normal 0 -1 0
    outer loop
      vertex 23.014999999999993 -5.144999999999999 0.25
      vertex 23.014999999999993 -5.144999999999999 0.7
      vertex 17.305 -5.144999999999999 0.65
    endloop
  endfacet
  facet normal 0 -1 0
    outer loop
      vertex 17.305 -5.144999999999999 0.65
      vertex 23.014999999999993 -5.144999999999999 0.7
      vertex 17.254999999999995 -5.144999999999999 0.7
    endloop
  endfacet
  facet normal 0 0 1
    outer loop
      vertex 17.254999999999995 -5.144999999999999 0.7
      vertex 23.014999999999993 -5.144999999999999 0.7
      vertex 17.254999999999995 -2.5349999999999993 0.7
    endloop
  endfacet
  facet normal 8.148790549522278e-18 -2.0868853846337534e-17 -1
    outer loop
      vertex 18.584999999999997 -5.144999999999999 0.25
      vertex 18.584999999999997 -3.814999999999999 0.24999999999999997
      vertex 21.734999999999996 -2.584999999999999 0.24999999999999997
    endloop
  endfacet
  facet normal -8.811293846231407e-18 0 -1
    outer loop
      vertex 18.584999999999997 -5.144999999999999 0.25
      vertex 21.734999999999996 -2.584999999999999 0.24999999999999997
      vertex 21.734999999999996 -3.814999999999999 0.24999999999999997
    endloop
  endfacet
  facet normal 7.163653533521443e-19 2.1684043449710092e-17 -1
    outer loop
      vertex 18.584999999999997 -3.814999999999999 0.24999999999999997
      vertex 18.584999999999997 -2.5349999999999993 0.25
      vertex 20.098476562499997 -2.584999999999999 0.25
    endloop
  endfacet
  facet normal -1.6960084395753682e-17 4.343436247693014e-17 -1
    outer loop
      vertex 18.584999999999997 -3.814999999999999 0.24999999999999997
      vertex 20.098476562499997 -2.584999999999999 0.25
      vertex 21.734999999999996 -2.584999999999999 0.24999999999999997
    endloop
  endfacet
  facet normal -1 0 0
    outer loop
      vertex 17.254999999999995 -5.144999999999999 0.7
      vertex 17.254999999999995 -2.5349999999999993 0.7
      vertex 17.254999999999995 -2.5349999999999993 0.65
    endloop
  endfacet
  facet normal 0 0 1
    outer loop
      vertex 23.014999999999993 -5.144999999999999 0.7
      vertex 23.014999999999993 -2.5349999999999993 0.7
      vertex 17.254999999999995 -2.5349999999999993 0.7
    endloop
  endfacet
  facet normal 0 0 -1
    outer loop
      vertex 20.098476562499997 -2.584999999999999 0.25
      vertex 18.584999999999997 -2.5349999999999993 0.25
      vertex 20.219210526315784 -2.5349999999999993 0.25
    endloop
  endfacet
  facet normal 1 0 0
    outer loop
      vertex 18.584999999999997 -2.5349999999999993 0.25
      vertex 18.584999999999997 -2.534999999999999 0
      vertex 18.584999999999997 -1.2549999999999994 0
    endloop
  endfacet
  facet normal 1 0 0
    outer loop
      vertex 18.584999999999997 -2.5349999999999993 0.25
      vertex 18.584999999999997 -1.2549999999999994 0
      vertex 18.584999999999997 -1.2549999999999994 0.24999999999999997
    endloop
  endfacet
  facet normal -1 0 0
    outer loop
      vertex 21.734999999999996 -2.534999999999999 0.24999999999999997
      vertex 21.734999999999996 -1.2549999999999994 0.24999999999999997
      vertex 21.734999999999996 -2.534999999999999 0
    endloop
  endfacet
  facet normal -1 0 0
    outer loop
      vertex 21.734999999999996 -1.2549999999999994 0.24999999999999997
      vertex 21.734999999999996 -1.2549999999999994 0
      vertex 21.734999999999996 -2.534999999999999 0
    endloop
  endfacet
  facet normal 1 0 0
    outer loop
      vertex 18.584999999999997 -1.2549999999999994 0.24999999999999997
      vertex 18.584999999999997 -1.2549999999999994 0
      vertex 18.584999999999997 -0.024999999999999023 0
    endloop
  endfacet
  facet normal 1 0 0
    outer loop
      vertex 18.584999999999997 -1.2549999999999994 0.24999999999999997
      vertex 18.584999999999997 -0.024999999999999023 0
      vertex 18.584999999999997 -0.0249999999999988 0.24999999999999997
    endloop
  endfacet
  facet normal -1 0 0
    outer loop
      vertex 21.734999999999996 -1.2549999999999994 0.24999999999999997
      vertex 21.734999999999996 -0.0249999999999988 0.25
      vertex 21.734999999999996 -1.2549999999999994 0
    endloop
  endfacet
  facet normal -1 0 0
    outer loop
      vertex 21.734999999999996 -0.0249999999999988 0.25
      vertex 21.734999999999996 -0.024999999999999023 0
      vertex 21.734999999999996 -1.2549999999999994 0
    endloop
  endfacet
  facet normal -1.6960084395753682e-17 4.095316431499273e-17 -1
    outer loop
      vertex 20.098476562499997 -2.584999999999999 0.25
      vertex 20.219210526315784 -2.5349999999999993 0.25
      vertex 21.734999999999996 -2.584999999999999 0.24999999999999997
    endloop
  endfacet
  facet normal 0 -2.1684043449710092e-17 -1
    outer loop
      vertex 18.584999999999997 -2.5349999999999993 0.25
      vertex 18.584999999999997 -1.2549999999999994 0.24999999999999997
      vertex 20.219210526315784 -2.5349999999999993 0.25
    endloop
  endfacet
  facet normal -1.8310970024199615e-17 0 -1
    outer loop
      vertex 21.734999999999996 -2.584999999999999 0.24999999999999997
      vertex 20.219210526315784 -2.5349999999999993 0.25
      vertex 21.734999999999996 -2.534999999999999 0.24999999999999997
    endloop
  endfacet
  facet normal -1.8310970024199615e-17 0 -1
    outer loop
      vertex 20.219210526315784 -2.5349999999999993 0.25
      vertex 21.734999999999996 -1.2549999999999994 0.24999999999999997
      vertex 21.734999999999996 -2.534999999999999 0.24999999999999997
    endloop
  endfacet
  facet normal 1.7649021838342972e-17 8.489387904440419e-19 -1
    outer loop
      vertex 20.219210526315784 -2.5349999999999993 0.25
      vertex 18.584999999999997 -1.2549999999999994 0.24999999999999997
      vertex 20.098476562499997 -0.0249999999999988 0.25
    endloop
  endfacet
  facet normal -1.7596232612612858e-17 -8.463995663527418e-19 -1
    outer loop
      vertex 20.219210526315784 -2.5349999999999993 0.25
      vertex 20.098476562499997 -0.0249999999999988 0.25
      vertex 21.734999999999996 -1.2549999999999994 0.24999999999999997
    endloop
  endfacet
  facet normal -1 0 0
    outer loop
      vertex 17.254999999999995 -2.5349999999999993 0.65
      vertex 17.254999999999995 -2.5349999999999993 0.7
      vertex 17.254999999999995 -0.024999999999998777 0.65
    endloop
  endfacet
  facet normal 0 0 1
    outer loop
      vertex 17.254999999999995 -2.5349999999999993 0.7
      vertex 23.014999999999993 -2.5349999999999993 0.7
      vertex 17.254999999999995 -0.0249999999999988 0.7
    endloop
  endfacet
  facet normal 1.8338953045814956e-17 0 -1
    outer loop
      vertex 18.584999999999997 -1.2549999999999994 0.24999999999999997
      vertex 18.584999999999997 -0.0249999999999988 0.24999999999999997
      vertex 20.098476562499997 -0.0249999999999988 0.25
    endloop
  endfacet
  facet normal 1.8338953045814956e-17 0 -1
    outer loop
      vertex 18.584999999999997 -0.0249999999999988 0.24999999999999997
      vertex 18.584999999999997 0.025000000000000577 0.24999999999999997
      vertex 20.098476562499997 -0.0249999999999988 0.25
    endloop
  endfacet
  facet normal 1.6984088138388092e-17 -4.101112565488633e-17 -1
    outer loop
      vertex 20.098476562499997 -0.0249999999999988 0.25
      vertex 18.584999999999997 0.025000000000000577 0.24999999999999997
      vertex 20.219210526315784 0.025000000000000692 0.25
    endloop
  endfacet
  facet normal 0 2.25655086305926e-17 -1
    outer loop
      vertex 20.098476562499997 -0.0249999999999988 0.25
      vertex 21.734999999999996 -0.0249999999999988 0.25
      vertex 21.734999999999996 -1.2549999999999994 0.24999999999999997
    endloop
  endfacet
  facet normal -1 0 0
    outer loop
      vertex 17.254999999999995 -2.5349999999999993 0.7
      vertex 17.254999999999995 -0.0249999999999988 0.7
      vertex 17.254999999999995 -0.024999999999998777 0.65
    endloop
  endfacet
  facet normal 0 0 1
    outer loop
      vertex 17.254999999999995 -0.0249999999999988 0.7
      vertex 23.014999999999993 -2.5349999999999993 0.7
      vertex 23.014999999999993 -0.0249999999999988 0.7
    endloop
  endfacet
  facet normal 1 0 0
    outer loop
      vertex 18.584999999999997 -0.0249999999999988 0.24999999999999997
      vertex 18.584999999999997 -0.024999999999999023 0
      vertex 18.584999999999997 1.305000000000001 0
    endloop
  endfacet
  facet normal 1 0 0
    outer loop
      vertex 18.584999999999997 -0.0249999999999988 0.24999999999999997
      vertex 18.584999999999997 1.305000000000001 0
      vertex 18.584999999999997 0.025000000000000577 0.24999999999999997
    endloop
  endfacet
  facet normal 1 0 0
    outer loop
      vertex 18.584999999999997 0.025000000000000577 0.24999999999999997
      vertex 18.584999999999997 1.305000000000001 0
      vertex 18.584999999999997 1.305000000000001 0.24999999999999997
    endloop
  endfacet
  facet normal -1 0 0
    outer loop
      vertex 21.734999999999996 -0.0249999999999988 0.25
      vertex 21.734999999999996 1.305000000000001 0.24999999999999997
      vertex 21.734999999999996 -0.024999999999999023 0
    endloop
  endfacet
  facet normal -1 0 0
    outer loop
      vertex 21.734999999999996 1.305000000000001 0.24999999999999997
      vertex 21.734999999999996 1.305000000000001 0
      vertex 21.734999999999996 -0.024999999999999023 0
    endloop
  endfacet
  facet normal 1 0 0
    outer loop
      vertex 18.584999999999997 1.305000000000001 0.24999999999999997
      vertex 18.584999999999997 1.305000000000001 0
      vertex 18.584999999999997 2.5349999999999997 0
    endloop
  endfacet
  facet normal 1 0 0
    outer loop
      vertex 18.584999999999997 1.305000000000001 0.24999999999999997
      vertex 18.584999999999997 2.5349999999999997 0
      vertex 18.584999999999997 2.535 0.24999999999999997
    endloop
  endfacet
  facet normal -1 0 0
    outer loop
      vertex 21.734999999999996 2.535 0.25
      vertex 21.734999999999996 2.5349999999999997 0
      vertex 21.734999999999996 1.305000000000001 0
    endloop
  endfacet
  facet normal -1 0 0
    outer loop
      vertex 21.734999999999996 1.305000000000001 0.24999999999999997
      vertex 21.734999999999996 2.535 0.25
      vertex 21.734999999999996 1.305000000000001 0
    endloop
  endfacet
  facet normal 0 0 -1
    outer loop
      vertex 20.098476562499997 -0.0249999999999988 0.25
      vertex 20.219210526315784 0.025000000000000692 0.25
      vertex 21.734999999999996 -0.0249999999999988 0.25
    endloop
  endfacet
  facet normal 1.6984088138388092e-17 -4.179677940306441e-17 -1
    outer loop
      vertex 18.584999999999997 0.025000000000000577 0.24999999999999997
      vertex 21.734999999999996 1.305000000000001 0.24999999999999997
      vertex 20.219210526315784 0.025000000000000692 0.25
    endloop
  endfacet
  facet normal -6.883823317368208e-19 -2.086885384633753e-17 -1
    outer loop
      vertex 21.734999999999996 -0.0249999999999988 0.25
      vertex 20.219210526315784 0.025000000000000692 0.25
      vertex 21.734999999999996 1.305000000000001 0.24999999999999997
    endloop
  endfacet
  facet normal 1.833895304581496e-17 0 -1
    outer loop
      vertex 18.584999999999997 0.025000000000000577 0.24999999999999997
      vertex 18.584999999999997 1.305000000000001 0.24999999999999997
      vertex 20.098476562499997 2.535 0.25
    endloop
  endfacet
  facet normal -5.95169188558111e-18 1.4646741749672253e-17 -1
    outer loop
      vertex 18.584999999999997 0.025000000000000577 0.24999999999999997
      vertex 20.098476562499997 2.535 0.25
      vertex 21.734999999999996 1.305000000000001 0.24999999999999997
    endloop
  endfacet
  facet normal -1 0 0
    outer loop
      vertex 17.254999999999995 -0.024999999999998777 0.65
      vertex 17.254999999999995 -0.0249999999999988 0.7
      vertex 17.254999999999995 2.535 0.65
    endloop
  endfacet
  facet normal 0 0 1
    outer loop
      vertex 17.254999999999995 -0.0249999999999988 0.7
      vertex 23.014999999999993 -0.0249999999999988 0.7
      vertex 17.254999999999995 2.535 0.7
    endloop
  endfacet
  facet normal 1.833895304581496e-17 0 -1
    outer loop
      vertex 18.584999999999997 1.305000000000001 0.24999999999999997
      vertex 18.584999999999997 2.535 0.24999999999999997
      vertex 20.098476562499997 2.535 0.25
    endloop
  endfacet
  facet normal 0 2.2565508630592628e-17 -1
    outer loop
      vertex 20.098476562499997 2.535 0.25
      vertex 21.734999999999996 2.535 0.25
      vertex 21.734999999999996 1.305000000000001 0.24999999999999997
    endloop
  endfacet
  facet normal 1.833895304581496e-17 0 -1
    outer loop
      vertex 18.584999999999997 2.535 0.24999999999999997
      vertex 18.584999999999997 2.585000000000001 0.24999999999999997
      vertex 20.098476562499997 2.535 0.25
    endloop
  endfacet
  facet normal 1.6984088138388055e-17 -4.101112565488644e-17 -1
    outer loop
      vertex 20.098476562499997 2.535 0.25
      vertex 18.584999999999997 2.585000000000001 0.24999999999999997
      vertex 20.219210526315788 2.585000000000001 0.25
    endloop
  endfacet
  facet normal -1 0 0
    outer loop
      vertex 17.254999999999995 -0.0249999999999988 0.7
      vertex 17.254999999999995 2.535 0.7
      vertex 17.254999999999995 2.535 0.65
    endloop
  endfacet
  facet normal 0 0 1
    outer loop
      vertex 23.014999999999993 -0.0249999999999988 0.7
      vertex 23.014999999999993 2.535 0.7
      vertex 17.254999999999995 2.535 0.7
    endloop
  endfacet
  facet normal 1 0 0
    outer loop
      vertex 18.584999999999997 2.535 0.24999999999999997
      vertex 18.584999999999997 2.5349999999999997 0
      vertex 18.584999999999997 3.8649999999999998 0
    endloop
  endfacet
  facet normal 1 0 0
    outer loop
      vertex 18.584999999999997 2.535 0.24999999999999997
      vertex 18.584999999999997 3.8649999999999998 0
      vertex 18.584999999999997 2.585000000000001 0.24999999999999997
    endloop
  endfacet
  facet normal 1 0 0
    outer loop
      vertex 18.584999999999997 2.585000000000001 0.24999999999999997
      vertex 18.584999999999997 3.8649999999999998 0
      vertex 18.584999999999997 3.8649999999999998 0.24999999999999997
    endloop
  endfacet
  facet normal -1 0 0
    outer loop
      vertex 21.734999999999996 3.8649999999999998 0.24999999999999997
      vertex 21.734999999999996 3.8649999999999998 0
      vertex 21.734999999999996 2.5349999999999997 0
    endloop
  endfacet
  facet normal -1 0 0
    outer loop
      vertex 21.734999999999996 2.535 0.25
      vertex 21.734999999999996 3.8649999999999998 0.24999999999999997
      vertex 21.734999999999996 2.5349999999999997 0
    endloop
  endfacet
  facet normal 0 1 0
    outer loop
      vertex 18.584999999999997 5.145 0.24999999999999997
      vertex 18.584999999999997 5.145 0
      vertex 17.305 5.145 0
    endloop
  endfacet
  facet normal 0 1 0
    outer loop
      vertex 17.305 5.145 0.25
      vertex 18.584999999999997 5.145 0.24999999999999997
      vertex 17.305 5.145 0
    endloop
  endfacet
  facet normal 1 0 0
    outer loop
      vertex 18.584999999999997 3.8649999999999998 0.24999999999999997
      vertex 18.584999999999997 3.8649999999999998 0
      vertex 18.584999999999997 5.145 0
    endloop
  endfacet
  facet normal 1 0 0
    outer loop
      vertex 18.584999999999997 3.8649999999999998 0.24999999999999997
      vertex 18.584999999999997 5.145 0
      vertex 18.584999999999997 5.145 0.24999999999999997
    endloop
  endfacet
  facet normal -1 0 0
    outer loop
      vertex 21.734999999999996 5.145 0.25
      vertex 21.734999999999996 5.145 0
      vertex 21.734999999999996 3.8649999999999998 0
    endloop
  endfacet
  facet normal -1 0 0
    outer loop
      vertex 21.734999999999996 3.8649999999999998 0.24999999999999997
      vertex 21.734999999999996 5.145 0.25
      vertex 21.734999999999996 3.8649999999999998 0
    endloop
  endfacet
  facet normal 0 1 0
    outer loop
      vertex 23.014999999999993 5.145 0.25
      vertex 23.014999999999993 5.145 0
      vertex 21.734999999999996 5.145 0
    endloop
  endfacet
  facet normal 0 1 0
    outer loop
      vertex 21.734999999999996 5.145 0.25
      vertex 23.014999999999993 5.145 0.25
      vertex 21.734999999999996 5.145 0
    endloop
  endfacet
  facet normal 0 0 -1
    outer loop
      vertex 20.098476562499997 2.535 0.25
      vertex 20.219210526315788 2.585000000000001 0.25
      vertex 21.734999999999996 2.535 0.25
    endloop
  endfacet
  facet normal 1.6984088138388052e-17 -4.1796779403064365e-17 -1
    outer loop
      vertex 18.584999999999997 2.585000000000001 0.24999999999999997
      vertex 21.734999999999996 3.8649999999999998 0.24999999999999997
      vertex 20.219210526315788 2.585000000000001 0.25
    endloop
  endfacet
  facet normal -6.883823317368392e-19 -2.0868853846337534e-17 -1
    outer loop
      vertex 21.734999999999996 2.535 0.25
      vertex 20.219210526315788 2.585000000000001 0.25
      vertex 21.734999999999996 3.8649999999999998 0.24999999999999997
    endloop
  endfacet
  facet normal 8.811293846231405e-18 0 -1
    outer loop
      vertex 18.584999999999997 2.585000000000001 0.24999999999999997
      vertex 18.584999999999997 3.8649999999999998 0.24999999999999997
      vertex 21.734999999999996 5.145 0.25
    endloop
  endfacet
  facet normal -8.811293846231398e-18 2.168404344971009e-17 -1
    outer loop
      vertex 18.584999999999997 2.585000000000001 0.24999999999999997
      vertex 21.734999999999996 5.145 0.25
      vertex 21.734999999999996 3.8649999999999998 0.24999999999999997
    endloop
  endfacet
  facet normal -1 0 0
    outer loop
      vertex 17.254999999999995 2.535 0.65
      vertex 17.254999999999995 2.535 0.7
      vertex 17.254999999999995 5.145 0.65
    endloop
  endfacet
  facet normal 0 0 1
    outer loop
      vertex 17.254999999999995 2.535 0.7
      vertex 23.014999999999993 2.535 0.7
      vertex 17.254999999999995 5.145 0.7
    endloop
  endfacet
  facet normal 8.811293846231405e-18 0 -1
    outer loop
      vertex 18.584999999999997 3.8649999999999998 0.24999999999999997
      vertex 18.584999999999997 5.145 0.24999999999999997
      vertex 21.734999999999996 5.145 0.25
    endloop
  endfacet
  facet normal -1 0 0
    outer loop
      vertex 17.254999999999995 2.535 0.7
      vertex 17.254999999999995 5.145 0.7
      vertex 17.254999999999995 5.145 0.65
    endloop
  endfacet
  facet normal 0 1 0
    outer loop
      vertex 17.305 5.145 0.25
      vertex 17.305 5.145 0.65
      vertex 18.584999999999997 5.145 0.24999999999999997
    endloop
  endfacet
  facet normal 0 1 0
    outer loop
      vertex 18.584999999999997 5.145 0.24999999999999997
      vertex 17.305 5.145 0.65
      vertex 17.254999999999995 5.145 0.7
    endloop
  endfacet
  facet normal 0 1 0
    outer loop
      vertex 17.254999999999995 5.145 0.65
      vertex 17.254999999999995 5.145 0.7
      vertex 17.305 5.145 0.65
    endloop
  endfacet
  facet normal 0 0 1
    outer loop
      vertex 23.014999999999993 2.535 0.7
      vertex 23.014999999999993 5.145 0.7
      vertex 17.254999999999995 5.145 0.7
    endloop
  endfacet
  facet normal 0 1 0
    outer loop
      vertex 18.584999999999997 5.145 0.24999999999999997
      vertex 17.254999999999995 5.145 0.7
      vertex 21.734999999999996 5.145 0.25
    endloop
  endfacet
  facet normal 0 1 0
    outer loop
      vertex 21.734999999999996 5.145 0.25
      vertex 17.254999999999995 5.145 0.7
      vertex 23.014999999999993 5.145 0.7
    endloop
  endfacet
  facet normal 0 1 0
    outer loop
      vertex 21.734999999999996 5.145 0.25
      vertex 23.014999999999993 5.145 0.7
      vertex 23.014999999999993 5.145 0.25
    endloop
  endfacet
  facet normal 0 -1 3.552713678800501e-15
    outer loop
      vertex 24.344999999999995 -5.144999999999999 0.25
      vertex 23.014999999999993 -5.145 0
      vertex 24.344999999999995 -5.145 0
    endloop
  endfacet
  facet normal 1 0 0
    outer loop
      vertex 24.344999999999995 -5.144999999999999 0.25
      vertex 24.344999999999995 -5.145 0
      vertex 24.344999999999995 -3.814999999999999 0
    endloop
  endfacet
  facet normal 0 -1 3.552713678800501e-15
    outer loop
      vertex 23.014999999999993 -5.144999999999999 0.25
      vertex 23.014999999999993 -5.145 0
      vertex 24.344999999999995 -5.144999999999999 0.25
    endloop
  endfacet
  facet normal 1 0 0
    outer loop
      vertex 24.344999999999995 -5.144999999999999 0.25
      vertex 24.344999999999995 -3.814999999999999 0
      vertex 24.344999999999995 -3.814999999999999 0.25
    endloop
  endfacet
  facet normal 0 -1 3.552713678800501e-15
    outer loop
      vertex 28.824999999999996 -5.144999999999999 0.25
      vertex 27.494999999999994 -5.145 0
      vertex 28.824999999999996 -5.145 0
    endloop
  endfacet
  facet normal 1 0 0
    outer loop
      vertex 28.824999999999996 -5.144999999999999 0.25
      vertex 28.824999999999996 -5.145 0
      vertex 28.824999999999996 -3.814999999999999 0
    endloop
  endfacet
  facet normal 0 -1 3.552713678800501e-15
    outer loop
      vertex 27.494999999999994 -5.144999999999999 0.25
      vertex 27.494999999999994 -5.145 0
      vertex 28.824999999999996 -5.144999999999999 0.25
    endloop
  endfacet
  facet normal -1 0 0
    outer loop
      vertex 27.494999999999994 -5.144999999999999 0.25
      vertex 27.494999999999994 -3.814999999999999 0.25
      vertex 27.494999999999994 -5.145 0
    endloop
  endfacet
  facet normal -1 0 0
    outer loop
      vertex 27.494999999999994 -3.814999999999999 0.25
      vertex 27.494999999999994 -3.814999999999999 0
      vertex 27.494999999999994 -5.145 0
    endloop
  endfacet
  facet normal 1 0 0
    outer loop
      vertex 28.824999999999996 -5.144999999999999 0.25
      vertex 28.824999999999996 -3.814999999999999 0
      vertex 28.824999999999996 -3.814999999999999 0.25
    endloop
  endfacet
  facet normal 1 0 0
    outer loop
      vertex 24.344999999999995 -3.814999999999999 0.25
      vertex 24.344999999999995 -3.814999999999999 0
      vertex 24.344999999999995 -2.534999999999999 0
    endloop
  endfacet
  facet normal 1 0 0
    outer loop
      vertex 24.344999999999995 -3.814999999999999 0.25
      vertex 24.344999999999995 -2.534999999999999 0
      vertex 24.344999999999995 -2.5349999999999993 0.25
    endloop
  endfacet
  facet normal 1 0 0
    outer loop
      vertex 28.824999999999996 -3.814999999999999 0.25
      vertex 28.824999999999996 -3.814999999999999 0
      vertex 28.824999999999996 -2.534999999999999 0
    endloop
  endfacet
  facet normal -1 0 0
    outer loop
      vertex 27.494999999999994 -3.814999999999999 0.25
      vertex 27.494999999999994 -2.534999999999999 0.25
      vertex 27.494999999999994 -3.814999999999999 0
    endloop
  endfacet
  facet normal -1 0 0
    outer loop
      vertex 27.494999999999994 -2.534999999999999 0.25
      vertex 27.494999999999994 -2.534999999999999 0
      vertex 27.494999999999994 -3.814999999999999 0
    endloop
  endfacet
  facet normal 1 0 0
    outer loop
      vertex 28.824999999999996 -3.814999999999999 0.25
      vertex 28.824999999999996 -2.534999999999999 0
      vertex 28.824999999999996 -2.5349999999999993 0.25
    endloop
  endfacet
  facet normal 0 0 -1
    outer loop
      vertex 24.344999999999995 -5.144999999999999 0.25
      vertex 27.494999999999994 -3.814999999999999 0.25
      vertex 27.494999999999994 -5.144999999999999 0.25
    endloop
  endfacet
  facet normal 0 -1 0
    outer loop
      vertex 23.014999999999993 -5.144999999999999 0.25
      vertex 24.344999999999995 -5.144999999999999 0.25
      vertex 28.824999999999996 -5.144999999999999 0.75
    endloop
  endfacet
  facet normal 0 -1 0
    outer loop
      vertex 23.014999999999993 -5.144999999999999 0.25
      vertex 28.824999999999996 -5.144999999999999 0.75
      vertex 23.014999999999993 -5.144999999999999 0.7
    endloop
  endfacet
  facet normal 0 -1 0
    outer loop
      vertex 23.014999999999993 -5.144999999999999 0.7
      vertex 28.824999999999996 -5.144999999999999 0.75
      vertex 23.014999999999993 -5.144999999999999 0.75
    endloop
  endfacet
  facet normal -1 0 0
    outer loop
      vertex 23.014999999999993 -5.144999999999999 0.7
      vertex 23.014999999999993 -5.144999999999999 0.75
      vertex 23.014999999999993 -2.5349999999999993 0.75
    endloop
  endfacet
  facet normal 0 0 1
    outer loop
      vertex 23.014999999999993 -5.144999999999999 0.75
      vertex 28.824999999999996 -5.144999999999999 0.75
      vertex 23.014999999999993 -2.5349999999999993 0.75
    endloop
  endfacet
  facet normal 0 -1 0
    outer loop
      vertex 24.344999999999995 -5.144999999999999 0.25
      vertex 27.494999999999994 -5.144999999999999 0.25
      vertex 28.824999999999996 -5.144999999999999 0.75
    endloop
  endfacet
  facet normal 0 -1 0
    outer loop
      vertex 27.494999999999994 -5.144999999999999 0.25
      vertex 28.824999999999996 -5.144999999999999 0.25
      vertex 28.824999999999996 -5.144999999999999 0.75
    endloop
  endfacet
  facet normal 1 0 0
    outer loop
      vertex 28.824999999999996 -5.144999999999999 0.25
      vertex 28.824999999999996 -3.814999999999999 0.25
      vertex 28.824999999999996 -5.144999999999999 0.75
    endloop
  endfacet
  facet normal 0 0 -1
    outer loop
      vertex 24.344999999999995 -5.144999999999999 0.25
      vertex 24.344999999999995 -3.814999999999999 0.25
      vertex 27.494999999999994 -2.534999999999999 0.25
    endloop
  endfacet
  facet normal 0 0 -1
    outer loop
      vertex 24.344999999999995 -3.814999999999999 0.25
      vertex 24.344999999999995 -2.5349999999999993 0.25
      vertex 27.494999999999994 -2.534999999999999 0.25
    endloop
  endfacet
  facet normal 0 0 -1
    outer loop
      vertex 24.344999999999995 -5.144999999999999 0.25
      vertex 27.494999999999994 -2.534999999999999 0.25
      vertex 27.494999999999994 -3.814999999999999 0.25
    endloop
  endfacet
  facet normal -1 0 0
    outer loop
      vertex 23.014999999999993 -5.144999999999999 0.7
      vertex 23.014999999999993 -2.5349999999999993 0.75
      vertex 23.014999999999993 -2.5349999999999993 0.7
    endloop
  endfacet
  facet normal 1 0 0
    outer loop
      vertex 28.824999999999996 -3.814999999999999 0.25
      vertex 28.824999999999996 -2.5349999999999993 0.25
      vertex 28.824999999999996 -5.144999999999999 0.75
    endloop
  endfacet
  facet normal 0 0 1
    outer loop
      vertex 28.824999999999996 -5.144999999999999 0.75
      vertex 28.824999999999996 -2.5349999999999993 0.75
      vertex 23.014999999999993 -2.5349999999999993 0.75
    endloop
  endfacet
  facet normal 1 0 0
    outer loop
      vertex 28.824999999999996 -2.5349999999999993 0.25
      vertex 28.824999999999996 -2.5349999999999993 0.75
      vertex 28.824999999999996 -5.144999999999999 0.75
    endloop
  endfacet
  facet normal 1 0 0
    outer loop
      vertex 24.344999999999995 -2.5349999999999993 0.25
      vertex 24.344999999999995 -2.534999999999999 0
      vertex 24.344999999999995 -1.2549999999999994 0
    endloop
  endfacet
  facet normal 1 0 0
    outer loop
      vertex 24.344999999999995 -2.5349999999999993 0.25
      vertex 24.344999999999995 -1.2549999999999994 0
      vertex 24.344999999999995 -1.2549999999999994 0.25
    endloop
  endfacet
  facet normal 1 0 0
    outer loop
      vertex 28.824999999999996 -2.5349999999999993 0.25
      vertex 28.824999999999996 -2.534999999999999 0
      vertex 28.824999999999996 -1.2549999999999994 0
    endloop
  endfacet
  facet normal -1 0 0
    outer loop
      vertex 27.494999999999994 -2.534999999999999 0.25
      vertex 27.494999999999994 -1.2549999999999994 0.25
      vertex 27.494999999999994 -2.534999999999999 0
    endloop
  endfacet
  facet normal -1 0 0
    outer loop
      vertex 27.494999999999994 -1.2549999999999994 0.25
      vertex 27.494999999999994 -1.2549999999999994 0
      vertex 27.494999999999994 -2.534999999999999 0
    endloop
  endfacet
  facet normal 1 0 0
    outer loop
      vertex 28.824999999999996 -2.5349999999999993 0.25
      vertex 28.824999999999996 -1.2549999999999994 0
      vertex 28.824999999999996 -1.2549999999999994 0.25
    endloop
  endfacet
  facet normal 1 0 0
    outer loop
      vertex 24.344999999999995 -1.2549999999999994 0.25
      vertex 24.344999999999995 -1.2549999999999994 0
      vertex 24.344999999999995 -0.024999999999999023 0
    endloop
  endfacet
  facet normal 1 0 0
    outer loop
      vertex 24.344999999999995 -1.2549999999999994 0.25
      vertex 24.344999999999995 -0.024999999999999023 0
      vertex 24.344999999999995 -0.0249999999999988 0.25
    endloop
  endfacet
  facet normal 1 0 0
    outer loop
      vertex 28.824999999999996 -1.2549999999999994 0.25
      vertex 28.824999999999996 -1.2549999999999994 0
      vertex 28.824999999999996 -0.024999999999999023 0
    endloop
  endfacet
  facet normal -1 0 0
    outer loop
      vertex 27.494999999999994 -1.2549999999999994 0.25
      vertex 27.494999999999994 -0.0249999999999988 0.25
      vertex 27.494999999999994 -1.2549999999999994 0
    endloop
  endfacet
  facet normal -1 0 0
    outer loop
      vertex 27.494999999999994 -0.0249999999999988 0.25
      vertex 27.494999999999994 -0.024999999999999023 0
      vertex 27.494999999999994 -1.2549999999999994 0
    endloop
  endfacet
  facet normal 1 0 0
    outer loop
      vertex 28.824999999999996 -1.2549999999999994 0.25
      vertex 28.824999999999996 -0.024999999999999023 0
      vertex 28.824999999999996 -0.0249999999999988 0.25
    endloop
  endfacet
  facet normal 0 0 -1
    outer loop
      vertex 24.344999999999995 -2.5349999999999993 0.25
      vertex 24.344999999999995 -1.2549999999999994 0.25
      vertex 27.494999999999994 -0.0249999999999988 0.25
    endloop
  endfacet
  facet normal 0 0 -1
    outer loop
      vertex 24.344999999999995 -2.5349999999999993 0.25
      vertex 27.494999999999994 -1.2549999999999994 0.25
      vertex 27.494999999999994 -2.534999999999999 0.25
    endloop
  endfacet
  facet normal 0 0 -1
    outer loop
      vertex 24.344999999999995 -2.5349999999999993 0.25
      vertex 27.494999999999994 -0.0249999999999988 0.25
      vertex 27.494999999999994 -1.2549999999999994 0.25
    endloop
  endfacet
  facet normal -1 0 0
    outer loop
      vertex 23.014999999999993 -2.5349999999999993 0.7
      vertex 23.014999999999993 -2.5349999999999993 0.75
      vertex 23.014999999999993 -0.0249999999999988 0.75
    endloop
  endfacet
  facet normal 1 0 0
    outer loop
      vertex 28.824999999999996 -2.5349999999999993 0.25
      vertex 28.824999999999996 -1.2549999999999994 0.25
      vertex 28.824999999999996 -0.0249999999999988 0.75
    endloop
  endfacet
  facet normal 0 0 1
    outer loop
      vertex 23.014999999999993 -2.5349999999999993 0.75
      vertex 28.824999999999996 -2.5349999999999993 0.75
      vertex 28.824999999999996 -0.0249999999999988 0.75
    endloop
  endfacet
  facet normal 1 0 0
    outer loop
      vertex 28.824999999999996 -2.5349999999999993 0.25
      vertex 28.824999999999996 -0.0249999999999988 0.75
      vertex 28.824999999999996 -2.5349999999999993 0.75
    endloop
  endfacet
  facet normal 0 0 -1
    outer loop
      vertex 24.344999999999995 -1.2549999999999994 0.25
      vertex 24.344999999999995 -0.0249999999999988 0.25
      vertex 27.494999999999994 -0.0249999999999988 0.25
    endloop
  endfacet
  facet normal -1 0 0
    outer loop
      vertex 23.014999999999993 -2.5349999999999993 0.7
      vertex 23.014999999999993 -0.0249999999999988 0.75
      vertex 23.014999999999993 -0.0249999999999988 0.7
    endloop
  endfacet
  facet normal 0 0 1
    outer loop
      vertex 23.014999999999993 -2.5349999999999993 0.75
      vertex 28.824999999999996 -0.0249999999999988 0.75
      vertex 23.014999999999993 -0.0249999999999988 0.75
    endloop
  endfacet
  facet normal 1 0 0
    outer loop
      vertex 28.824999999999996 -1.2549999999999994 0.25
      vertex 28.824999999999996 -0.0249999999999988 0.25
      vertex 28.824999999999996 -0.0249999999999988 0.75
    endloop
  endfacet
  facet normal 1 0 0
    outer loop
      vertex 24.344999999999995 -0.0249999999999988 0.25
      vertex 24.344999999999995 -0.024999999999999023 0
      vertex 24.344999999999995 1.305000000000001 0
    endloop
  endfacet
  facet normal 1 0 0
    outer loop
      vertex 24.344999999999995 -0.0249999999999988 0.25
      vertex 24.344999999999995 1.305000000000001 0
      vertex 24.344999999999995 1.305000000000001 0.25
    endloop
  endfacet
  facet normal 1 0 0
    outer loop
      vertex 28.824999999999996 -0.0249999999999988 0.25
      vertex 28.824999999999996 -0.024999999999999023 0
      vertex 28.824999999999996 1.305000000000001 0
    endloop
  endfacet
  facet normal -1 0 0
    outer loop
      vertex 27.494999999999994 -0.0249999999999988 0.25
      vertex 27.494999999999994 1.305000000000001 0.25
      vertex 27.494999999999994 -0.024999999999999023 0
    endloop
  endfacet
  facet normal -1 0 0
    outer loop
      vertex 27.494999999999994 1.305000000000001 0.25
      vertex 27.494999999999994 1.305000000000001 0
      vertex 27.494999999999994 -0.024999999999999023 0
    endloop
  endfacet
  facet normal 1 0 0
    outer loop
      vertex 28.824999999999996 -0.0249999999999988 0.25
      vertex 28.824999999999996 1.305000000000001 0
      vertex 28.824999999999996 1.305000000000001 0.25
    endloop
  endfacet
  facet normal 1 0 0
    outer loop
      vertex 24.344999999999995 1.305000000000001 0.25
      vertex 24.344999999999995 1.305000000000001 0
      vertex 24.344999999999995 2.5349999999999997 0
    endloop
  endfacet
  facet normal 1 0 0
    outer loop
      vertex 24.344999999999995 1.305000000000001 0.25
      vertex 24.344999999999995 2.5349999999999997 0
      vertex 24.344999999999995 2.535 0.25
    endloop
  endfacet
  facet normal 1 0 0
    outer loop
      vertex 28.824999999999996 1.305000000000001 0.25
      vertex 28.824999999999996 1.305000000000001 0
      vertex 28.824999999999996 2.5349999999999997 0
    endloop
  endfacet
  facet normal -1 0 0
    outer loop
      vertex 27.494999999999994 2.535 0.25
      vertex 27.494999999999994 2.5349999999999997 0
      vertex 27.494999999999994 1.305000000000001 0
    endloop
  endfacet
  facet normal -1 0 0
    outer loop
      vertex 27.494999999999994 1.305000000000001 0.25
      vertex 27.494999999999994 2.535 0.25
      vertex 27.494999999999994 1.305000000000001 0
    endloop
  endfacet
  facet normal 1 0 0
    outer loop
      vertex 28.824999999999996 1.305000000000001 0.25
      vertex 28.824999999999996 2.5349999999999997 0
      vertex 28.824999999999996 2.535 0.25
    endloop
  endfacet
  facet normal 0 0 -1
    outer loop
      vertex 24.344999999999995 -0.0249999999999988 0.25
      vertex 24.344999999999995 1.305000000000001 0.25
      vertex 27.494999999999994 2.535 0.25
    endloop
  endfacet
  facet normal 0 0 -1
    outer loop
      vertex 24.344999999999995 -0.0249999999999988 0.25
      vertex 27.494999999999994 1.305000000000001 0.25
      vertex 27.494999999999994 -0.0249999999999988 0.25
    endloop
  endfacet
  facet normal 0 0 -1
    outer loop
      vertex 24.344999999999995 -0.0249999999999988 0.25
      vertex 27.494999999999994 2.535 0.25
      vertex 27.494999999999994 1.305000000000001 0.25
    endloop
  endfacet
  facet normal -1 0 0
    outer loop
      vertex 23.014999999999993 -0.0249999999999988 0.7
      vertex 23.014999999999993 -0.0249999999999988 0.75
      vertex 23.014999999999993 2.535 0.75
    endloop
  endfacet
  facet normal 1 0 0
    outer loop
      vertex 28.824999999999996 -0.0249999999999988 0.25
      vertex 28.824999999999996 1.305000000000001 0.25
      vertex 28.824999999999996 -0.0249999999999988 0.75
    endloop
  endfacet
  facet normal 0 0 1
    outer loop
      vertex 23.014999999999993 -0.0249999999999988 0.75
      vertex 28.824999999999996 -0.0249999999999988 0.75
      vertex 28.824999999999996 2.535 0.75
    endloop
  endfacet
  facet normal 1 0 0
    outer loop
      vertex 28.824999999999996 -0.0249999999999988 0.75
      vertex 28.824999999999996 1.305000000000001 0.25
      vertex 28.824999999999996 2.535 0.25
    endloop
  endfacet
  facet normal 0 0 -1
    outer loop
      vertex 24.344999999999995 1.305000000000001 0.25
      vertex 24.344999999999995 2.535 0.25
      vertex 27.494999999999994 2.535 0.25
    endloop
  endfacet
  facet normal -1 0 0
    outer loop
      vertex 23.014999999999993 -0.0249999999999988 0.7
      vertex 23.014999999999993 2.535 0.75
      vertex 23.014999999999993 2.535 0.7
    endloop
  endfacet
  facet normal 0 0 1
    outer loop
      vertex 23.014999999999993 -0.0249999999999988 0.75
      vertex 28.824999999999996 2.535 0.75
      vertex 23.014999999999993 2.535 0.75
    endloop
  endfacet
  facet normal 1 0 0
    outer loop
      vertex 28.824999999999996 -0.0249999999999988 0.75
      vertex 28.824999999999996 2.535 0.25
      vertex 28.824999999999996 2.535 0.75
    endloop
  endfacet
  facet normal 1 0 0
    outer loop
      vertex 24.344999999999995 2.535 0.25
      vertex 24.344999999999995 2.5349999999999997 0
      vertex 24.344999999999995 3.8649999999999998 0
    endloop
  endfacet
  facet normal 1 0 0
    outer loop
      vertex 24.344999999999995 2.535 0.25
      vertex 24.344999999999995 3.8649999999999998 0
      vertex 24.344999999999995 3.8649999999999998 0.25
    endloop
  endfacet
  facet normal 1 0 0
    outer loop
      vertex 28.824999999999996 2.535 0.25
      vertex 28.824999999999996 2.5349999999999997 0
      vertex 28.824999999999996 3.8649999999999998 0
    endloop
  endfacet
  facet normal -1 0 0
    outer loop
      vertex 27.494999999999994 3.8649999999999998 0.25
      vertex 27.494999999999994 3.8649999999999998 0
      vertex 27.494999999999994 2.5349999999999997 0
    endloop
  endfacet
  facet normal -1 0 0
    outer loop
      vertex 27.494999999999994 2.535 0.25
      vertex 27.494999999999994 3.8649999999999998 0.25
      vertex 27.494999999999994 2.5349999999999997 0
    endloop
  endfacet
  facet normal 1 0 0
    outer loop
      vertex 28.824999999999996 2.535 0.25
      vertex 28.824999999999996 3.8649999999999998 0
      vertex 28.824999999999996 3.8649999999999998 0.25
    endloop
  endfacet
  facet normal 1 0 0
    outer loop
      vertex 24.344999999999995 3.8649999999999998 0.25
      vertex 24.344999999999995 3.8649999999999998 0
      vertex 24.344999999999995 5.145 0
    endloop
  endfacet
  facet normal 1 0 0
    outer loop
      vertex 24.344999999999995 3.8649999999999998 0.25
      vertex 24.344999999999995 5.145 0
      vertex 24.344999999999995 5.145 0.25
    endloop
  endfacet
  facet normal 0 1 0
    outer loop
      vertex 23.014999999999993 5.145 0.25
      vertex 24.344999999999995 5.145 0
      vertex 23.014999999999993 5.145 0
    endloop
  endfacet
  facet normal 0 1 0
    outer loop
      vertex 23.014999999999993 5.145 0.25
      vertex 24.344999999999995 5.145 0.25
      vertex 24.344999999999995 5.145 0
    endloop
  endfacet
  facet normal 1 0 0
    outer loop
      vertex 28.824999999999996 3.8649999999999998 0.25
      vertex 28.824999999999996 3.8649999999999998 0
      vertex 28.824999999999996 5.145 0
    endloop
  endfacet
  facet normal -1 0 0
    outer loop
      vertex 27.494999999999994 5.145 0.25
      vertex 27.494999999999994 5.145 0
      vertex 27.494999999999994 3.8649999999999998 0
    endloop
  endfacet
  facet normal -1 0 0
    outer loop
      vertex 27.494999999999994 3.8649999999999998 0.25
      vertex 27.494999999999994 5.145 0.25
      vertex 27.494999999999994 3.8649999999999998 0
    endloop
  endfacet
  facet normal 1 0 0
    outer loop
      vertex 28.824999999999996 3.8649999999999998 0.25
      vertex 28.824999999999996 5.145 0
      vertex 28.824999999999996 5.145 0.25
    endloop
  endfacet
  facet normal 0 1 0
    outer loop
      vertex 27.494999999999994 5.145 0.25
      vertex 28.824999999999996 5.145 0
      vertex 27.494999999999994 5.145 0
    endloop
  endfacet
  facet normal 0 1 0
    outer loop
      vertex 27.494999999999994 5.145 0.25
      vertex 28.824999999999996 5.145 0.25
      vertex 28.824999999999996 5.145 0
    endloop
  endfacet
  facet normal 0 0 -1
    outer loop
      vertex 24.344999999999995 2.535 0.25
      vertex 24.344999999999995 3.8649999999999998 0.25
      vertex 27.494999999999994 5.145 0.25
    endloop
  endfacet
  facet normal 0 0 -1
    outer loop
      vertex 24.344999999999995 2.535 0.25
      vertex 27.494999999999994 3.8649999999999998 0.25
      vertex 27.494999999999994 2.535 0.25
    endloop
  endfacet
  facet normal 0 0 -1
    outer loop
      vertex 24.344999999999995 2.535 0.25
      vertex 27.494999999999994 5.145 0.25
      vertex 27.494999999999994 3.8649999999999998 0.25
    endloop
  endfacet
  facet normal -1 0 0
    outer loop
      vertex 23.014999999999993 2.535 0.7
      vertex 23.014999999999993 2.535 0.75
      vertex 23.014999999999993 5.145 0.75
    endloop
  endfacet
  facet normal 0 0 1
    outer loop
      vertex 23.014999999999993 2.535 0.75
      vertex 28.824999999999996 2.535 0.75
      vertex 23.014999999999993 5.145 0.75
    endloop
  endfacet
  facet normal 1 0 0
    outer loop
      vertex 28.824999999999996 2.535 0.25
      vertex 28.824999999999996 3.8649999999999998 0.25
      vertex 28.824999999999996 2.535 0.75
    endloop
  endfacet
  facet normal 1 0 0
    outer loop
      vertex 28.824999999999996 3.8649999999999998 0.25
      vertex 28.824999999999996 5.145 0.25
      vertex 28.824999999999996 2.535 0.75
    endloop
  endfacet
  facet normal 0 0 -1
    outer loop
      vertex 24.344999999999995 3.8649999999999998 0.25
      vertex 24.344999999999995 5.145 0.25
      vertex 27.494999999999994 5.145 0.25
    endloop
  endfacet
  facet normal -1 0 0
    outer loop
      vertex 23.014999999999993 2.535 0.7
      vertex 23.014999999999993 5.145 0.75
      vertex 23.014999999999993 5.145 0.7
    endloop
  endfacet
  facet normal 0 1 0
    outer loop
      vertex 23.014999999999993 5.145 0.25
      vertex 23.014999999999993 5.145 0.7
      vertex 24.344999999999995 5.145 0.25
    endloop
  endfacet
  facet normal 0 1 0
    outer loop
      vertex 24.344999999999995 5.145 0.25
      vertex 23.014999999999993 5.145 0.75
      vertex 27.494999999999994 5.145 0.25
    endloop
  endfacet
  facet normal 0 1 0
    outer loop
      vertex 24.344999999999995 5.145 0.25
      vertex 23.014999999999993 5.145 0.7
      vertex 23.014999999999993 5.145 0.75
    endloop
  endfacet
  facet normal 0 0 1
    outer loop
      vertex 28.824999999999996 2.535 0.75
      vertex 28.824999999999996 5.145 0.75
      vertex 23.014999999999993 5.145 0.75
    endloop
  endfacet
  facet normal 1 0 0
    outer loop
      vertex 28.824999999999996 5.145 0.25
      vertex 28.824999999999996 5.145 0.75
      vertex 28.824999999999996 2.535 0.75
    endloop
  endfacet
  facet normal 0 1 0
    outer loop
      vertex 27.494999999999994 5.145 0.25
      vertex 23.014999999999993 5.145 0.75
      vertex 28.824999999999996 5.145 0.25
    endloop
  endfacet
  facet normal 0 1 0
    outer loop
      vertex 28.824999999999996 5.145 0.25
      vertex 23.014999999999993 5.145 0.75
      vertex 28.824999999999996 5.145 0.75
    endloop
  endfacet
  facet normal 0 0 1
    outer loop
      vertex -28.959999999999997 -5.279999999999999 0
      vertex -27.494999999999997 -5.145 0
      vertex -28.825 -5.145 0
    endloop
  endfacet
  facet normal 0 0 1
    outer loop
      vertex -28.959999999999997 -5.279999999999999 0
      vertex -28.825 -5.145 0
      vertex -28.825 -3.814999999999999 0
    endloop
  endfacet
  facet normal 0 0 1
    outer loop
      vertex -28.959999999999997 -5.279999999999999 0
      vertex -24.345 -5.145 0
      vertex -27.494999999999997 -5.145 0
    endloop
  endfacet
  facet normal 0 0 1
    outer loop
      vertex -28.959999999999997 -5.279999999999999 0
      vertex -23.064999999999998 -5.145 0
      vertex -24.345 -5.145 0
    endloop
  endfacet
  facet normal 0 0 1
    outer loop
      vertex -27.494999999999997 -5.145 0
      vertex -24.345 -5.145 0
      vertex -27.494999999999997 -3.814999999999999 0
    endloop
  endfacet
  facet normal 0 0 1
    outer loop
      vertex -27.494999999999997 -3.814999999999999 0
      vertex -24.345 -5.145 0
      vertex -24.345 -3.814999999999999 0
    endloop
  endfacet
  facet normal 0 0 1
    outer loop
      vertex -28.959999999999997 -5.279999999999999 0
      vertex -21.734999999999996 -5.145 0
      vertex -23.064999999999998 -5.145 0
    endloop
  endfacet
  facet normal 0 0 1
    outer loop
      vertex -28.959999999999997 -5.279999999999999 0
      vertex -18.584999999999997 -5.145 0
      vertex -21.734999999999996 -5.145 0
    endloop
  endfacet
  facet normal 0 0 1
    outer loop
      vertex -28.959999999999997 -5.279999999999999 0
      vertex -28.825 -3.814999999999999 0
      vertex -28.825 -2.534999999999999 0
    endloop
  endfacet
  facet normal 0 0 1
    outer loop
      vertex -27.494999999999997 -3.814999999999999 0
      vertex -24.345 -3.814999999999999 0
      vertex -27.494999999999997 -2.534999999999999 0
    endloop
  endfacet
  facet normal 0 0 1
    outer loop
      vertex -28.959999999999997 -5.279999999999999 0
      vertex -28.825 -2.534999999999999 0
      vertex -28.825 -1.2549999999999994 0
    endloop
  endfacet
  facet normal 0 0 1
    outer loop
      vertex -24.345 -3.814999999999999 0
      vertex -24.345 -2.534999999999999 0
      vertex -27.494999999999997 -2.534999999999999 0
    endloop
  endfacet
  facet normal 0 0 1
    outer loop
      vertex -28.959999999999997 -5.279999999999999 0
      vertex -17.305 -5.145 0
      vertex -18.584999999999997 -5.145 0
    endloop
  endfacet
  facet normal 0 0 1
    outer loop
      vertex -28.959999999999997 -5.279999999999999 0
      vertex -15.974999999999998 -5.145 0
      vertex -17.305 -5.145 0
    endloop
  endfacet
  facet normal 0 0 1
    outer loop
      vertex -21.734999999999996 -5.145 0
      vertex -18.584999999999997 -5.145 0
      vertex -21.734999999999996 -3.814999999999999 0
    endloop
  endfacet
  facet normal 0 0 1
    outer loop
      vertex -28.959999999999997 -5.279999999999999 0
      vertex -12.825 -5.145 0
      vertex -15.974999999999998 -5.145 0
    endloop
  endfacet
  facet normal 0 0 1
    outer loop
      vertex -21.734999999999996 -3.814999999999999 0
      vertex -18.584999999999997 -5.145 0
      vertex -18.584999999999997 -3.814999999999999 0
    endloop
  endfacet
  facet normal 0 0 1
    outer loop
      vertex -28.959999999999997 -5.279999999999999 0
      vertex -11.544999999999998 -5.145 0
      vertex -12.825 -5.145 0
    endloop
  endfacet
  facet normal 0 0 1
    outer loop
      vertex -28.959999999999997 -5.279999999999999 0
      vertex -10.214999999999996 -5.145 0
      vertex -11.544999999999998 -5.145 0
    endloop
  endfacet
  facet normal 0 0 1
    outer loop
      vertex -28.959999999999997 -5.279999999999999 0
      vertex -7.064999999999997 -5.145 0
      vertex -10.214999999999996 -5.145 0
    endloop
  endfacet
  facet normal 0 0 1
    outer loop
      vertex -15.974999999999998 -5.145 0
      vertex -12.825 -5.145 0
      vertex -15.974999999999998 -3.814999999999999 0
    endloop
  endfacet
  facet normal 0 0 1
    outer loop
      vertex -21.734999999999996 -3.814999999999999 0
      vertex -18.584999999999997 -3.814999999999999 0
      vertex -21.734999999999996 -2.534999999999999 0
    endloop
  endfacet
  facet normal 0 0 1
    outer loop
      vertex -21.734999999999996 -2.534999999999999 0
      vertex -18.584999999999997 -3.814999999999999 0
      vertex -18.584999999999997 -2.534999999999999 0
    endloop
  endfacet
  facet normal 0 0 1
    outer loop
      vertex -15.974999999999998 -3.814999999999999 0
      vertex -12.825 -3.814999999999999 0
      vertex -15.974999999999998 -2.534999999999999 0
    endloop
  endfacet
  facet normal -1 0 0
    outer loop
      vertex -28.959999999999997 -5.279999999999999 -2.5
      vertex -28.959999999999997 -5.279999999999999 0
      vertex -28.959999999999997 5.6 0
    endloop
  endfacet
  facet normal 0 0 1
    outer loop
      vertex -28.959999999999997 -5.279999999999999 0
      vertex -28.825 -1.2549999999999994 0
      vertex -28.825 -0.024999999999999023 0
    endloop
  endfacet
  facet normal 0 0 1
    outer loop
      vertex -27.494999999999997 -2.534999999999999 0
      vertex -24.345 -2.534999999999999 0
      vertex -27.494999999999997 -1.2549999999999994 0
    endloop
  endfacet
  facet normal 0 0 1
    outer loop
      vertex -28.959999999999997 -5.279999999999999 0
      vertex -28.825 -0.024999999999999023 0
      vertex -28.825 1.305000000000001 0
    endloop
  endfacet
  facet normal 0 0 1
    outer loop
      vertex -27.494999999999997 -1.2549999999999994 0
      vertex -24.345 -2.534999999999999 0
      vertex -24.345 -1.2549999999999994 0
    endloop
  endfacet
  facet normal 0 0 1
    outer loop
      vertex -27.494999999999997 -1.2549999999999994 0
      vertex -24.345 -1.2549999999999994 0
      vertex -27.494999999999997 -0.024999999999999023 0
    endloop
  endfacet
  facet normal 0 0 1
    outer loop
      vertex -28.959999999999997 -5.279999999999999 0
      vertex -28.825 1.305000000000001 0
      vertex -28.825 2.5349999999999997 0
    endloop
  endfacet
  facet normal 0 0 1
    outer loop
      vertex -27.494999999999997 -0.024999999999999023 0
      vertex -24.345 -1.2549999999999994 0
      vertex -24.345 -0.024999999999999023 0
    endloop
  endfacet
  facet normal 0 0 1
    outer loop
      vertex -21.734999999999996 -2.534999999999999 0
      vertex -18.584999999999997 -2.534999999999999 0
      vertex -21.734999999999996 -1.2549999999999994 0
    endloop
  endfacet
  facet normal 0 0 1
    outer loop
      vertex -21.734999999999996 -1.2549999999999994 0
      vertex -18.584999999999997 -2.534999999999999 0
      vertex -18.584999999999997 -1.2549999999999994 0
    endloop
  endfacet
  facet normal 0 0 1
    outer loop
      vertex -15.974999999999998 -2.534999999999999 0
      vertex -12.825 -2.534999999999999 0
      vertex -15.974999999999998 -1.2549999999999994 0
    endloop
  endfacet
  facet normal 0 0 1
    outer loop
      vertex -21.734999999999996 -1.2549999999999994 0
      vertex -18.584999999999997 -1.2549999999999994 0
      vertex -21.734999999999996 -0.024999999999999023 0
    endloop
  endfacet
  facet normal 0 0 1
    outer loop
      vertex -21.734999999999996 -0.024999999999999023 0
      vertex -18.584999999999997 -1.2549999999999994 0
      vertex -18.584999999999997 -0.024999999999999023 0
    endloop
  endfacet
  facet normal 0 0 1
    outer loop
      vertex -15.974999999999998 -1.2549999999999994 0
      vertex -12.825 -0.024999999999999023 0
      vertex -15.974999999999998 0.0250000000000008 0
    endloop
  endfacet
  facet normal 0 -1 0
    outer loop
      vertex -28.959999999999997 -5.279999999999999 -2.5
      vertex 29.279999999999998 -5.279999999999999 0
      vertex -28.959999999999997 -5.279999999999999 0
    endloop
  endfacet
  facet normal 0 0 1
    outer loop
      vertex -28.959999999999997 -5.279999999999999 0
      vertex -5.784999999999999 -5.145 0
      vertex -7.064999999999997 -5.145 0
    endloop
  endfacet
  facet normal 0 0 1
    outer loop
      vertex -28.959999999999997 -5.279999999999999 0
      vertex -4.454999999999999 -5.145 0
      vertex -5.784999999999999 -5.145 0
    endloop
  endfacet
  facet normal 0 0 1
    outer loop
      vertex -28.959999999999997 -5.279999999999999 0
      vertex -1.3049999999999988 -5.145 0
      vertex -4.454999999999999 -5.145 0
    endloop
  endfacet
  facet normal 0 0 1
    outer loop
      vertex -15.974999999999998 -3.814999999999999 0
      vertex -12.825 -5.145 0
      vertex -12.825 -3.814999999999999 0
    endloop
  endfacet
  facet normal 0 0 1
    outer loop
      vertex -28.959999999999997 -5.279999999999999 0
      vertex -0.025000000000001243 -5.145 0
      vertex -1.3049999999999988 -5.145 0
    endloop
  endfacet
  facet normal 0 0 1
    outer loop
      vertex -28.959999999999997 -5.279999999999999 0
      vertex 1.3049999999999988 -5.145 0
      vertex -0.025000000000001243 -5.145 0
    endloop
  endfacet
  facet normal 0 0 1
    outer loop
      vertex -28.959999999999997 -5.279999999999999 0
      vertex 4.454999999999999 -5.145 0
      vertex 1.3049999999999988 -5.145 0
    endloop
  endfacet
  facet normal 0 0 1
    outer loop
      vertex -10.214999999999996 -5.145 0
      vertex -7.064999999999997 -5.145 0
      vertex -7.064999999999997 -3.814999999999999 0
    endloop
  endfacet
  facet normal 0 0 1
    outer loop
      vertex -10.214999999999996 -5.145 0
      vertex -7.064999999999997 -3.814999999999999 0
      vertex -10.214999999999996 -3.814999999999999 0
    endloop
  endfacet
  facet normal 0 0 1
    outer loop
      vertex -15.974999999999998 -2.534999999999999 0
      vertex -12.825 -3.814999999999999 0
      vertex -12.825 -2.534999999999999 0
    endloop
  endfacet
  facet normal 0 0 1
    outer loop
      vertex -10.214999999999996 -3.814999999999999 0
      vertex -7.064999999999997 -3.814999999999999 0
      vertex -7.064999999999997 -2.534999999999999 0
    endloop
  endfacet
  facet normal 0 0 1
    outer loop
      vertex -10.214999999999996 -3.814999999999999 0
      vertex -7.064999999999997 -2.534999999999999 0
      vertex -10.214999999999996 -2.534999999999999 0
    endloop
  endfacet
  facet normal 0 0 1
    outer loop
      vertex -28.959999999999997 -5.279999999999999 0
      vertex 5.735 -5.145 0
      vertex 4.454999999999999 -5.145 0
    endloop
  endfacet
  facet normal 0 0 1
    outer loop
      vertex -28.959999999999997 -5.279999999999999 0
      vertex 7.065 -5.145 0
      vertex 5.735 -5.145 0
    endloop
  endfacet
  facet normal 0 0 1
    outer loop
      vertex -28.959999999999997 -5.279999999999999 0
      vertex 10.215 -5.145 0
      vertex 7.065 -5.145 0
    endloop
  endfacet
  facet normal 0 0 1
    outer loop
      vertex -28.959999999999997 -5.279999999999999 0
      vertex 11.494999999999997 -5.145 0
      vertex 10.215 -5.145 0
    endloop
  endfacet
  facet normal 0 0 1
    outer loop
      vertex -4.454999999999999 -5.145 0
      vertex -1.3049999999999988 -5.145 0
      vertex -4.454999999999999 -3.814999999999999 0
    endloop
  endfacet
  facet normal 0 0 1
    outer loop
      vertex -28.959999999999997 -5.279999999999999 0
      vertex 12.825 -5.145 0
      vertex 11.494999999999997 -5.145 0
    endloop
  endfacet
  facet normal 0 0 1
    outer loop
      vertex -28.959999999999997 -5.279999999999999 0
      vertex 15.974999999999998 -5.145 0
      vertex 12.825 -5.145 0
    endloop
  endfacet
  facet normal 0 0 1
    outer loop
      vertex -4.454999999999999 -3.814999999999999 0
      vertex -1.3049999999999988 -5.145 0
      vertex -1.3049999999999988 -3.814999999999999 0
    endloop
  endfacet
  facet normal 0 0 1
    outer loop
      vertex -4.454999999999999 -3.814999999999999 0
      vertex -1.3049999999999988 -3.814999999999999 0
      vertex -4.454999999999999 -2.534999999999999 0
    endloop
  endfacet
  facet normal 0 0 1
    outer loop
      vertex -1.3049999999999988 -3.814999999999999 0
      vertex -1.3049999999999988 -2.534999999999999 0
      vertex -4.454999999999999 -2.534999999999999 0
    endloop
  endfacet
  facet normal 0 0 1
    outer loop
      vertex -15.974999999999998 -1.2549999999999994 0
      vertex -12.825 -2.534999999999999 0
      vertex -12.825 -1.2549999999999994 0
    endloop
  endfacet
  facet normal 0 0 1
    outer loop
      vertex -10.214999999999996 -2.534999999999999 0
      vertex -7.064999999999997 -2.534999999999999 0
      vertex -7.064999999999997 -1.2549999999999994 0
    endloop
  endfacet
  facet normal 0 0 1
    outer loop
      vertex -10.214999999999996 -2.534999999999999 0
      vertex -7.064999999999997 -1.2549999999999994 0
      vertex -10.214999999999996 -1.2549999999999994 0
    endloop
  endfacet
  facet normal 0 0 1
    outer loop
      vertex -15.974999999999998 -1.2549999999999994 0
      vertex -12.825 -1.2549999999999994 0
      vertex -12.825 -0.024999999999999023 0
    endloop
  endfacet
  facet normal 0 0 1
    outer loop
      vertex -10.214999999999996 -1.2549999999999994 0
      vertex -7.064999999999997 -1.2549999999999994 0
      vertex -7.064999999999997 -0.024999999999999023 0
    endloop
  endfacet
  facet normal 0 0 1
    outer loop
      vertex -10.214999999999996 -1.2549999999999994 0
      vertex -7.064999999999997 -0.024999999999999023 0
      vertex -10.214999999999996 0.0250000000000008 0
    endloop
  endfacet
  facet normal 0 0 1
    outer loop
      vertex -4.454999999999999 -2.534999999999999 0
      vertex -1.3049999999999988 -2.534999999999999 0
      vertex -4.454999999999999 -1.2549999999999994 0
    endloop
  endfacet
  facet normal 0 0 1
    outer loop
      vertex -4.454999999999999 -1.2549999999999994 0
      vertex -1.3049999999999988 -2.534999999999999 0
      vertex -1.3049999999999988 -1.2549999999999994 0
    endloop
  endfacet
  facet normal 0 0 1
    outer loop
      vertex -4.454999999999999 -1.2549999999999994 0
      vertex -1.3049999999999988 -1.2549999999999994 0
      vertex -4.454999999999999 -0.024999999999999023 0
    endloop
  endfacet
  facet normal 0 0 1
    outer loop
      vertex -4.454999999999999 -0.024999999999999023 0
      vertex -1.3049999999999988 -1.2549999999999994 0
      vertex -1.3049999999999988 -0.024999999999999023 0
    endloop
  endfacet
  facet normal -1 0 0
    outer loop
      vertex -28.959999999999997 -5.279999999999999 -2.5
      vertex -28.959999999999997 5.6 0
      vertex -28.959999999999997 5.6 -2.5
    endloop
  endfacet
  facet normal 0 0 -1
    outer loop
      vertex -28.959999999999997 -5.279999999999999 -2.5
      vertex -28.959999999999997 5.6 -2.5
      vertex 29.279999999999998 5.6 -2.5
    endloop
  endfacet
  facet normal 0 1 0
    outer loop
      vertex -28.959999999999997 5.6 -2.5
      vertex -28.959999999999997 5.6 0
      vertex 29.279999999999998 5.6 -2.5
    endloop
  endfacet
  facet normal 0 0 1
    outer loop
      vertex -28.959999999999997 -5.279999999999999 0
      vertex -28.825 2.5349999999999997 0
      vertex -28.825 3.8649999999999998 0
    endloop
  endfacet
  facet normal 0 0 1
    outer loop
      vertex -27.494999999999997 -0.024999999999999023 0
      vertex -24.345 -0.024999999999999023 0
      vertex -27.494999999999997 1.305000000000001 0
    endloop
  endfacet
  facet normal 0 0 1
    outer loop
      vertex -28.959999999999997 -5.279999999999999 0
      vertex -28.825 3.8649999999999998 0
      vertex -28.959999999999997 5.6 0
    endloop
  endfacet
  facet normal 0 0 1
    outer loop
      vertex -24.345 -0.024999999999999023 0
      vertex -24.345 1.305000000000001 0
      vertex -27.494999999999997 1.305000000000001 0
    endloop
  endfacet
  facet normal 0 0 1
    outer loop
      vertex -27.494999999999997 1.305000000000001 0
      vertex -24.345 1.305000000000001 0
      vertex -27.494999999999997 2.5349999999999997 0
    endloop
  endfacet
  facet normal 0 0 1
    outer loop
      vertex -27.494999999999997 2.5349999999999997 0
      vertex -24.345 1.305000000000001 0
      vertex -24.345 2.5349999999999997 0
    endloop
  endfacet
  facet normal 0 0 1
    outer loop
      vertex -21.734999999999996 -0.024999999999999023 0
      vertex -18.584999999999997 -0.024999999999999023 0
      vertex -21.734999999999996 1.305000000000001 0
    endloop
  endfacet
  facet normal 0 0 1
    outer loop
      vertex -21.734999999999996 1.305000000000001 0
      vertex -18.584999999999997 -0.024999999999999023 0
      vertex -18.584999999999997 1.305000000000001 0
    endloop
  endfacet
  facet normal 0 0 1
    outer loop
      vertex -15.974999999999998 0.0250000000000008 0
      vertex -12.825 1.305000000000001 0
      vertex -15.974999999999998 1.305000000000001 0
    endloop
  endfacet
  facet normal 0 0 1
    outer loop
      vertex -21.734999999999996 1.305000000000001 0
      vertex -18.584999999999997 1.305000000000001 0
      vertex -21.734999999999996 2.5349999999999997 0
    endloop
  endfacet
  facet normal 0 0 1
    outer loop
      vertex -21.734999999999996 2.5349999999999997 0
      vertex -18.584999999999997 1.305000000000001 0
      vertex -18.584999999999997 2.5349999999999997 0
    endloop
  endfacet
  facet normal 0 0 1
    outer loop
      vertex -15.974999999999998 1.305000000000001 0
      vertex -12.825 2.5349999999999997 0
      vertex -15.974999999999998 2.5850000000000013 0
    endloop
  endfacet
  facet normal 0 0 1
    outer loop
      vertex -27.494999999999997 2.5349999999999997 0
      vertex -24.345 2.5349999999999997 0
      vertex -27.494999999999997 3.8649999999999998 0
    endloop
  endfacet
  facet normal 0 0 1
    outer loop
      vertex -24.345 2.5349999999999997 0
      vertex -24.345 3.8649999999999998 0
      vertex -27.494999999999997 3.8649999999999998 0
    endloop
  endfacet
  facet normal 0 0 1
    outer loop
      vertex -28.959999999999997 5.6 0
      vertex -28.825 3.8649999999999998 0
      vertex -28.825 5.145 0
    endloop
  endfacet
  facet normal 0 0 1
    outer loop
      vertex -24.345 5.145 0
      vertex -27.494999999999997 3.8649999999999998 0
      vertex -24.345 3.8649999999999998 0
    endloop
  endfacet
  facet normal 0 0 1
    outer loop
      vertex -24.345 5.145 0
      vertex -27.494999999999997 5.145 0
      vertex -27.494999999999997 3.8649999999999998 0
    endloop
  endfacet
  facet normal 0 0 1
    outer loop
      vertex -28.959999999999997 5.6 0
      vertex -28.825 5.145 0
      vertex -27.494999999999997 5.145 0
    endloop
  endfacet
  facet normal 0 0 1
    outer loop
      vertex -28.959999999999997 5.6 0
      vertex -27.494999999999997 5.145 0
      vertex -24.345 5.145 0
    endloop
  endfacet
  facet normal 0 0 1
    outer loop
      vertex -28.959999999999997 5.6 0
      vertex -24.345 5.145 0
      vertex -23.014999999999997 5.145 0
    endloop
  endfacet
  facet normal 0 0 1
    outer loop
      vertex -28.959999999999997 5.6 0
      vertex -23.014999999999997 5.145 0
      vertex -21.734999999999996 5.145 0
    endloop
  endfacet
  facet normal 0 0 1
    outer loop
      vertex -28.959999999999997 5.6 0
      vertex -21.734999999999996 5.145 0
      vertex -18.584999999999997 5.145 0
    endloop
  endfacet
  facet normal 0 0 1
    outer loop
      vertex -18.584999999999997 3.8649999999999998 0
      vertex -21.734999999999996 3.8649999999999998 0
      vertex -21.734999999999996 2.5349999999999997 0
    endloop
  endfacet
  facet normal 0 0 1
    outer loop
      vertex -18.584999999999997 3.8649999999999998 0
      vertex -21.734999999999996 2.5349999999999997 0
      vertex -18.584999999999997 2.5349999999999997 0
    endloop
  endfacet
  facet normal 0 0 1
    outer loop
      vertex -15.974999999999998 2.5850000000000013 0
      vertex -12.825 3.8649999999999998 0
      vertex -15.974999999999998 3.8649999999999998 0
    endloop
  endfacet
  facet normal 0 0 1
    outer loop
      vertex -21.734999999999996 3.8649999999999998 0
      vertex -18.584999999999997 5.145 0
      vertex -21.734999999999996 5.145 0
    endloop
  endfacet
  facet normal 0 0 1
    outer loop
      vertex -21.734999999999996 3.8649999999999998 0
      vertex -18.584999999999997 3.8649999999999998 0
      vertex -18.584999999999997 5.145 0
    endloop
  endfacet
  facet normal 0 0 1
    outer loop
      vertex -28.959999999999997 5.6 0
      vertex -18.584999999999997 5.145 0
      vertex -17.305 5.145 0
    endloop
  endfacet
  facet normal 0 0 1
    outer loop
      vertex -28.959999999999997 5.6 0
      vertex -17.305 5.145 0
      vertex -15.974999999999998 5.145 0
    endloop
  endfacet
  facet normal 0 0 1
    outer loop
      vertex -28.959999999999997 5.6 0
      vertex -15.974999999999998 5.145 0
      vertex -12.825 5.145 0
    endloop
  endfacet
  facet normal 0 0 1
    outer loop
      vertex -15.974999999999998 3.8649999999999998 0
      vertex -12.825 3.8649999999999998 0
      vertex -15.974999999999998 5.145 0
    endloop
  endfacet
  facet normal 0 0 1
    outer loop
      vertex -28.959999999999997 5.6 0
      vertex -12.825 5.145 0
      vertex -11.544999999999998 5.145 0
    endloop
  endfacet
  facet normal 0 0 1
    outer loop
      vertex -28.959999999999997 5.6 0
      vertex -11.544999999999998 5.145 0
      vertex -10.214999999999996 5.145 0
    endloop
  endfacet
  facet normal 0 0 1
    outer loop
      vertex -28.959999999999997 5.6 0
      vertex -10.214999999999996 5.145 0
      vertex -7.064999999999997 5.145 0
    endloop
  endfacet
  facet normal 0 0 1
    outer loop
      vertex -15.974999999999998 0.0250000000000008 0
      vertex -12.825 -0.024999999999999023 0
      vertex -12.825 1.305000000000001 0
    endloop
  endfacet
  facet normal 0 0 1
    outer loop
      vertex -10.214999999999996 0.0250000000000008 0
      vertex -7.064999999999997 -0.024999999999999023 0
      vertex -7.064999999999997 1.305000000000001 0
    endloop
  endfacet
  facet normal 0 0 1
    outer loop
      vertex -10.214999999999996 0.0250000000000008 0
      vertex -7.064999999999997 1.305000000000001 0
      vertex -10.214999999999996 1.305000000000001 0
    endloop
  endfacet
  facet normal 0 0 1
    outer loop
      vertex -15.974999999999998 1.305000000000001 0
      vertex -12.825 1.305000000000001 0
      vertex -12.825 2.5349999999999997 0
    endloop
  endfacet
  facet normal 0 0 1
    outer loop
      vertex -10.214999999999996 1.305000000000001 0
      vertex -7.064999999999997 2.5349999999999997 0
      vertex -10.214999999999996 2.5850000000000013 0
    endloop
  endfacet
  facet normal 0 0 1
    outer loop
      vertex -7.064999999999997 2.5349999999999997 0
      vertex -10.214999999999996 1.305000000000001 0
      vertex -7.064999999999997 1.305000000000001 0
    endloop
  endfacet
  facet normal 0 0 1
    outer loop
      vertex -1.3049999999999988 1.305000000000001 0
      vertex -4.454999999999999 -0.024999999999999023 0
      vertex -1.3049999999999988 -0.024999999999999023 0
    endloop
  endfacet
  facet normal 0 0 1
    outer loop
      vertex -4.454999999999999 -0.024999999999999023 0
      vertex -1.3049999999999988 1.305000000000001 0
      vertex -4.454999999999999 1.305000000000001 0
    endloop
  endfacet
  facet normal 0 0 1
    outer loop
      vertex -4.454999999999999 1.305000000000001 0
      vertex -1.3049999999999988 1.305000000000001 0
      vertex -4.454999999999999 2.5349999999999997 0
    endloop
  endfacet
  facet normal 0 0 1
    outer loop
      vertex -4.454999999999999 2.5349999999999997 0
      vertex -1.3049999999999988 1.305000000000001 0
      vertex -1.3049999999999988 2.5349999999999997 0
    endloop
  endfacet
  facet normal 0 0 1
    outer loop
      vertex -12.825 3.8649999999999998 0
      vertex -15.974999999999998 2.5850000000000013 0
      vertex -12.825 2.5349999999999997 0
    endloop
  endfacet
  facet normal 0 0 1
    outer loop
      vertex -10.214999999999996 2.5850000000000013 0
      vertex -7.064999999999997 3.8649999999999998 0
      vertex -10.214999999999996 3.8649999999999998 0
    endloop
  endfacet
  facet normal 0 0 1
    outer loop
      vertex -10.214999999999996 2.5850000000000013 0
      vertex -7.064999999999997 2.5349999999999997 0
      vertex -7.064999999999997 3.8649999999999998 0
    endloop
  endfacet
  facet normal 0 0 1
    outer loop
      vertex -15.974999999999998 5.145 0
      vertex -12.825 3.8649999999999998 0
      vertex -12.825 5.145 0
    endloop
  endfacet
  facet normal 0 0 1
    outer loop
      vertex -28.959999999999997 5.6 0
      vertex -7.064999999999997 5.145 0
      vertex -5.734999999999997 5.145 0
    endloop
  endfacet
  facet normal 0 0 1
    outer loop
      vertex -28.959999999999997 5.6 0
      vertex -5.734999999999997 5.145 0
      vertex -4.454999999999999 5.145 0
    endloop
  endfacet
  facet normal 0 0 1
    outer loop
      vertex -28.959999999999997 5.6 0
      vertex -4.454999999999999 5.145 0
      vertex -1.3049999999999988 5.145 0
    endloop
  endfacet
  facet normal 0 0 1
    outer loop
      vertex -10.214999999999996 3.8649999999999998 0
      vertex -7.064999999999997 3.8649999999999998 0
      vertex -10.214999999999996 5.145 0
    endloop
  endfacet
  facet normal 0 0 1
    outer loop
      vertex -10.214999999999996 5.145 0
      vertex -7.064999999999997 3.8649999999999998 0
      vertex -7.064999999999997 5.145 0
    endloop
  endfacet
  facet normal 0 0 1
    outer loop
      vertex -28.959999999999997 5.6 0
      vertex -1.3049999999999988 5.145 0
      vertex -0.025000000000001243 5.145 0
    endloop
  endfacet
  facet normal 0 0 1
    outer loop
      vertex -28.959999999999997 5.6 0
      vertex -0.025000000000001243 5.145 0
      vertex 1.3049999999999988 5.145 0
    endloop
  endfacet
  facet normal 0 0 1
    outer loop
      vertex -28.959999999999997 5.6 0
      vertex 1.3049999999999988 5.145 0
      vertex 4.454999999999999 5.145 0
    endloop
  endfacet
  facet normal 0 0 1
    outer loop
      vertex -4.454999999999999 2.5349999999999997 0
      vertex -1.3049999999999988 2.5349999999999997 0
      vertex -4.454999999999999 3.8649999999999998 0
    endloop
  endfacet
  facet normal 0 0 1
    outer loop
      vertex -1.3049999999999988 2.5349999999999997 0
      vertex -1.3049999999999988 3.8649999999999998 0
      vertex -4.454999999999999 3.8649999999999998 0
    endloop
  endfacet
  facet normal 0 0 1
    outer loop
      vertex -28.959999999999997 5.6 0
      vertex 4.454999999999999 5.145 0
      vertex 5.784999999999999 5.145 0
    endloop
  endfacet
  facet normal 0 0 1
    outer loop
      vertex -28.959999999999997 5.6 0
      vertex 5.784999999999999 5.145 0
      vertex 7.065 5.145 0
    endloop
  endfacet
  facet normal 0 0 1
    outer loop
      vertex -28.959999999999997 5.6 0
      vertex 7.065 5.145 0
      vertex 10.215 5.145 0
    endloop
  endfacet
  facet normal 0 0 1
    outer loop
      vertex -4.454999999999999 3.8649999999999998 0
      vertex -1.3049999999999988 3.8649999999999998 0
      vertex -4.454999999999999 5.145 0
    endloop
  endfacet
  facet normal 0 0 1
    outer loop
      vertex -4.454999999999999 5.145 0
      vertex -1.3049999999999988 3.8649999999999998 0
      vertex -1.3049999999999988 5.145 0
    endloop
  endfacet
  facet normal 0 0 1
    outer loop
      vertex -28.959999999999997 5.6 0
      vertex 10.215 5.145 0
      vertex 11.494999999999997 5.145 0
    endloop
  endfacet
  facet normal 0 0 1
    outer loop
      vertex -28.959999999999997 5.6 0
      vertex 11.494999999999997 5.145 0
      vertex 12.825 5.145 0
    endloop
  endfacet
  facet normal 0 0 1
    outer loop
      vertex -28.959999999999997 5.6 0
      vertex 12.825 5.145 0
      vertex 15.974999999999998 5.145 0
    endloop
  endfacet
  facet normal 0 -1 0
    outer loop
      vertex -28.959999999999997 -5.279999999999999 -2.5
      vertex 29.279999999999998 -5.279999999999999 -2.5
      vertex 29.279999999999998 -5.279999999999999 0
    endloop
  endfacet
  facet normal 0 0 -1
    outer loop
      vertex -28.959999999999997 -5.279999999999999 -2.5
      vertex 29.279999999999998 5.6 -2.5
      vertex 29.279999999999998 -5.279999999999999 -2.5
    endloop
  endfacet
  facet normal 1 0 0
    outer loop
      vertex 29.279999999999998 -5.279999999999999 -2.5
      vertex 29.279999999999998 5.6 -2.5
      vertex 29.279999999999998 -5.279999999999999 0
    endloop
  endfacet
  facet normal 0 0 1
    outer loop
      vertex -28.959999999999997 -5.279999999999999 0
      vertex 17.254999999999995 -5.145 0
      vertex 15.974999999999998 -5.145 0
    endloop
  endfacet
  facet normal 0 0 1
    outer loop
      vertex -28.959999999999997 -5.279999999999999 0
      vertex 18.584999999999997 -5.145 0
      vertex 17.254999999999995 -5.145 0
    endloop
  endfacet
  facet normal 0 0 1
    outer loop
      vertex -28.959999999999997 -5.279999999999999 0
      vertex 21.734999999999996 -5.145 0
      vertex 18.584999999999997 -5.145 0
    endloop
  endfacet
  facet normal 0 0 1
    outer loop
      vertex 1.3049999999999988 -5.145 0
      vertex 4.454999999999999 -5.145 0
      vertex 1.3049999999999988 -3.814999999999999 0
    endloop
  endfacet
  facet normal 0 0 1
    outer loop
      vertex 1.3049999999999988 -3.814999999999999 0
      vertex 4.454999999999999 -5.145 0
      vertex 4.454999999999999 -3.814999999999999 0
    endloop
  endfacet
  facet normal 0 0 1
    outer loop
      vertex -28.959999999999997 -5.279999999999999 0
      vertex 23.014999999999993 -5.145 0
      vertex 21.734999999999996 -5.145 0
    endloop
  endfacet
  facet normal 0 0 1
    outer loop
      vertex -28.959999999999997 -5.279999999999999 0
      vertex 24.344999999999995 -5.145 0
      vertex 23.014999999999993 -5.145 0
    endloop
  endfacet
  facet normal 0 0 1
    outer loop
      vertex 1.3049999999999988 -3.814999999999999 0
      vertex 4.454999999999999 -3.814999999999999 0
      vertex 1.3049999999999988 -2.534999999999999 0
    endloop
  endfacet
  facet normal 0 0 1
    outer loop
      vertex 4.454999999999999 -3.814999999999999 0
      vertex 4.454999999999999 -2.534999999999999 0
      vertex 1.3049999999999988 -2.534999999999999 0
    endloop
  endfacet
  facet normal 0 0 1
    outer loop
      vertex -28.959999999999997 -5.279999999999999 0
      vertex 29.279999999999998 -5.279999999999999 0
      vertex 24.344999999999995 -5.145 0
    endloop
  endfacet
  facet normal 0 0 1
    outer loop
      vertex 7.065 -5.145 0
      vertex 10.215 -5.145 0
      vertex 7.065 -3.814999999999999 0
    endloop
  endfacet
  facet normal 0 0 1
    outer loop
      vertex 7.065 -3.814999999999999 0
      vertex 10.215 -5.145 0
      vertex 10.215 -3.814999999999999 0
    endloop
  endfacet
  facet normal 0 0 1
    outer loop
      vertex 12.825 -5.145 0
      vertex 15.974999999999998 -5.145 0
      vertex 12.825 -3.814999999999999 0
    endloop
  endfacet
  facet normal 0 0 1
    outer loop
      vertex 7.065 -3.814999999999999 0
      vertex 10.215 -3.814999999999999 0
      vertex 7.065 -2.534999999999999 0
    endloop
  endfacet
  facet normal 0 0 1
    outer loop
      vertex 7.065 -2.534999999999999 0
      vertex 10.215 -3.814999999999999 0
      vertex 10.215 -2.534999999999999 0
    endloop
  endfacet
  facet normal 0 0 1
    outer loop
      vertex 15.974999999999998 -2.534999999999999 0
      vertex 12.825 -2.534999999999999 0
      vertex 12.825 -3.814999999999999 0
    endloop
  endfacet
  facet normal 0 0 1
    outer loop
      vertex 1.3049999999999988 -2.534999999999999 0
      vertex 4.454999999999999 -2.534999999999999 0
      vertex 1.3049999999999988 -1.2549999999999994 0
    endloop
  endfacet
  facet normal 0 0 1
    outer loop
      vertex 1.3049999999999988 -1.2549999999999994 0
      vertex 4.454999999999999 -2.534999999999999 0
      vertex 4.454999999999999 -1.2549999999999994 0
    endloop
  endfacet
  facet normal 0 0 1
    outer loop
      vertex 4.454999999999999 -0.024999999999999023 0
      vertex 1.3049999999999988 -1.2549999999999994 0
      vertex 4.454999999999999 -1.2549999999999994 0
    endloop
  endfacet
  facet normal 0 0 1
    outer loop
      vertex 1.3049999999999988 -1.2549999999999994 0
      vertex 4.454999999999999 -0.024999999999999023 0
      vertex 1.3049999999999988 0.0250000000000008 0
    endloop
  endfacet
  facet normal 0 0 1
    outer loop
      vertex 10.215 -1.2549999999999994 0
      vertex 7.065 -2.534999999999999 0
      vertex 10.215 -2.534999999999999 0
    endloop
  endfacet
  facet normal 0 0 1
    outer loop
      vertex 10.215 -1.2549999999999994 0
      vertex 7.065 -1.2549999999999994 0
      vertex 7.065 -2.534999999999999 0
    endloop
  endfacet
  facet normal 0 0 1
    outer loop
      vertex 12.825 -2.534999999999999 0
      vertex 15.974999999999998 -1.2549999999999994 0
      vertex 12.825 -1.2549999999999994 0
    endloop
  endfacet
  facet normal 0 0 1
    outer loop
      vertex 7.065 -1.2549999999999994 0
      vertex 10.215 -1.2549999999999994 0
      vertex 10.215 -0.024999999999999023 0
    endloop
  endfacet
  facet normal 0 0 1
    outer loop
      vertex 7.065 -1.2549999999999994 0
      vertex 10.215 -0.024999999999999023 0
      vertex 7.065 -0.024999999999999023 0
    endloop
  endfacet
  facet normal 0 0 1
    outer loop
      vertex 12.825 -1.2549999999999994 0
      vertex 15.974999999999998 -0.024999999999999023 0
      vertex 12.825 0.0250000000000008 0
    endloop
  endfacet
  facet normal 0 0 1
    outer loop
      vertex 12.825 -3.814999999999999 0
      vertex 15.974999999999998 -5.145 0
      vertex 15.974999999999998 -3.814999999999999 0
    endloop
  endfacet
  facet normal 0 0 1
    outer loop
      vertex 21.734999999999996 -3.814999999999999 0
      vertex 18.584999999999997 -5.145 0
      vertex 21.734999999999996 -5.145 0
    endloop
  endfacet
  facet normal 0 0 1
    outer loop
      vertex 21.734999999999996 -3.814999999999999 0
      vertex 18.584999999999997 -3.814999999999999 0
      vertex 18.584999999999997 -5.145 0
    endloop
  endfacet
  facet normal 0 0 1
    outer loop
      vertex 15.974999999999998 -2.534999999999999 0
      vertex 12.825 -3.814999999999999 0
      vertex 15.974999999999998 -3.814999999999999 0
    endloop
  endfacet
  facet normal 0 0 1
    outer loop
      vertex 18.584999999999997 -3.814999999999999 0
      vertex 21.734999999999996 -3.814999999999999 0
      vertex 21.734999999999996 -2.534999999999999 0
    endloop
  endfacet
  facet normal 0 0 1
    outer loop
      vertex 18.584999999999997 -3.814999999999999 0
      vertex 21.734999999999996 -2.534999999999999 0
      vertex 18.584999999999997 -2.534999999999999 0
    endloop
  endfacet
  facet normal 0 0 1
    outer loop
      vertex 24.344999999999995 -5.145 0
      vertex 27.494999999999994 -3.814999999999999 0
      vertex 24.344999999999995 -3.814999999999999 0
    endloop
  endfacet
  facet normal 0 0 1
    outer loop
      vertex 29.279999999999998 -5.279999999999999 0
      vertex 27.494999999999994 -5.145 0
      vertex 24.344999999999995 -5.145 0
    endloop
  endfacet
  facet normal 0 0 1
    outer loop
      vertex 27.494999999999994 -3.814999999999999 0
      vertex 24.344999999999995 -5.145 0
      vertex 27.494999999999994 -5.145 0
    endloop
  endfacet
  facet normal 0 0 1
    outer loop
      vertex 29.279999999999998 -5.279999999999999 0
      vertex 28.824999999999996 -5.145 0
      vertex 27.494999999999994 -5.145 0
    endloop
  endfacet
  facet normal 0 0 1
    outer loop
      vertex 29.279999999999998 -5.279999999999999 0
      vertex 28.824999999999996 -3.814999999999999 0
      vertex 28.824999999999996 -5.145 0
    endloop
  endfacet
  facet normal 0 0 1
    outer loop
      vertex 24.344999999999995 -3.814999999999999 0
      vertex 27.494999999999994 -3.814999999999999 0
      vertex 24.344999999999995 -2.534999999999999 0
    endloop
  endfacet
  facet normal 0 0 1
    outer loop
      vertex 29.279999999999998 -5.279999999999999 0
      vertex 28.824999999999996 -2.534999999999999 0
      vertex 28.824999999999996 -3.814999999999999 0
    endloop
  endfacet
  facet normal 0 0 1
    outer loop
      vertex 27.494999999999994 -3.814999999999999 0
      vertex 27.494999999999994 -2.534999999999999 0
      vertex 24.344999999999995 -2.534999999999999 0
    endloop
  endfacet
  facet normal 0 0 1
    outer loop
      vertex 29.279999999999998 -5.279999999999999 0
      vertex 28.824999999999996 -1.2549999999999994 0
      vertex 28.824999999999996 -2.534999999999999 0
    endloop
  endfacet
  facet normal 0 0 1
    outer loop
      vertex 12.825 -2.534999999999999 0
      vertex 15.974999999999998 -2.534999999999999 0
      vertex 15.974999999999998 -1.2549999999999994 0
    endloop
  endfacet
  facet normal 0 0 1
    outer loop
      vertex 18.584999999999997 -2.534999999999999 0
      vertex 21.734999999999996 -2.534999999999999 0
      vertex 18.584999999999997 -1.2549999999999994 0
    endloop
  endfacet
  facet normal 0 0 1
    outer loop
      vertex 18.584999999999997 -1.2549999999999994 0
      vertex 21.734999999999996 -2.534999999999999 0
      vertex 21.734999999999996 -1.2549999999999994 0
    endloop
  endfacet
  facet normal 0 0 1
    outer loop
      vertex 12.825 -1.2549999999999994 0
      vertex 15.974999999999998 -1.2549999999999994 0
      vertex 15.974999999999998 -0.024999999999999023 0
    endloop
  endfacet
  facet normal 0 0 1
    outer loop
      vertex 18.584999999999997 -1.2549999999999994 0
      vertex 21.734999999999996 -1.2549999999999994 0
      vertex 18.584999999999997 -0.024999999999999023 0
    endloop
  endfacet
  facet normal 0 0 1
    outer loop
      vertex 18.584999999999997 -0.024999999999999023 0
      vertex 21.734999999999996 -1.2549999999999994 0
      vertex 21.734999999999996 -0.024999999999999023 0
    endloop
  endfacet
  facet normal 0 0 1
    outer loop
      vertex 24.344999999999995 -2.534999999999999 0
      vertex 27.494999999999994 -2.534999999999999 0
      vertex 24.344999999999995 -1.2549999999999994 0
    endloop
  endfacet
  facet normal 0 0 1
    outer loop
      vertex 24.344999999999995 -1.2549999999999994 0
      vertex 27.494999999999994 -2.534999999999999 0
      vertex 27.494999999999994 -1.2549999999999994 0
    endloop
  endfacet
  facet normal 0 0 1
    outer loop
      vertex 24.344999999999995 -1.2549999999999994 0
      vertex 27.494999999999994 -1.2549999999999994 0
      vertex 24.344999999999995 -0.024999999999999023 0
    endloop
  endfacet
  facet normal 0 0 1
    outer loop
      vertex 24.344999999999995 -0.024999999999999023 0
      vertex 27.494999999999994 -1.2549999999999994 0
      vertex 27.494999999999994 -0.024999999999999023 0
    endloop
  endfacet
  facet normal 0 0 1
    outer loop
      vertex 29.279999999999998 -5.279999999999999 0
      vertex 29.279999999999998 5.6 0
      vertex 28.824999999999996 -1.2549999999999994 0
    endloop
  endfacet
  facet normal 0 0 1
    outer loop
      vertex 1.3049999999999988 0.0250000000000008 0
      vertex 4.454999999999999 -0.024999999999999023 0
      vertex 4.454999999999999 1.305000000000001 0
    endloop
  endfacet
  facet normal 0 0 1
    outer loop
      vertex 1.3049999999999988 0.0250000000000008 0
      vertex 4.454999999999999 1.305000000000001 0
      vertex 1.3049999999999988 1.305000000000001 0
    endloop
  endfacet
  facet normal 0 0 1
    outer loop
      vertex 1.3049999999999988 1.305000000000001 0
      vertex 4.454999999999999 1.305000000000001 0
      vertex 4.454999999999999 2.5349999999999997 0
    endloop
  endfacet
  facet normal 0 0 1
    outer loop
      vertex 1.3049999999999988 1.305000000000001 0
      vertex 4.454999999999999 2.5349999999999997 0
      vertex 1.3049999999999988 2.5850000000000013 0
    endloop
  endfacet
  facet normal 0 0 1
    outer loop
      vertex 7.065 -0.024999999999999023 0
      vertex 10.215 -0.024999999999999023 0
      vertex 10.215 1.305000000000001 0
    endloop
  endfacet
  facet normal 0 0 1
    outer loop
      vertex 7.065 -0.024999999999999023 0
      vertex 10.215 1.305000000000001 0
      vertex 7.065 1.305000000000001 0
    endloop
  endfacet
  facet normal 0 0 1
    outer loop
      vertex 12.825 0.0250000000000008 0
      vertex 15.974999999999998 1.305000000000001 0
      vertex 12.825 1.305000000000001 0
    endloop
  endfacet
  facet normal 0 0 1
    outer loop
      vertex 7.065 1.305000000000001 0
      vertex 10.215 1.305000000000001 0
      vertex 10.215 2.5349999999999997 0
    endloop
  endfacet
  facet normal 0 0 1
    outer loop
      vertex 7.065 1.305000000000001 0
      vertex 10.215 2.5349999999999997 0
      vertex 7.065 2.5349999999999997 0
    endloop
  endfacet
  facet normal 0 0 1
    outer loop
      vertex 12.825 1.305000000000001 0
      vertex 15.974999999999998 2.5349999999999997 0
      vertex 12.825 2.5850000000000013 0
    endloop
  endfacet
  facet normal 0 1 0
    outer loop
      vertex -28.959999999999997 5.6 0
      vertex 29.279999999999998 5.6 0
      vertex 29.279999999999998 5.6 -2.5
    endloop
  endfacet
  facet normal 0 0 1
    outer loop
      vertex 1.3049999999999988 2.5850000000000013 0
      vertex 4.454999999999999 2.5349999999999997 0
      vertex 4.454999999999999 3.8649999999999998 0
    endloop
  endfacet
  facet normal 0 0 1
    outer loop
      vertex 1.3049999999999988 2.5850000000000013 0
      vertex 4.454999999999999 3.8649999999999998 0
      vertex 1.3049999999999988 3.8649999999999998 0
    endloop
  endfacet
  facet normal 0 0 1
    outer loop
      vertex 1.3049999999999988 3.8649999999999998 0
      vertex 4.454999999999999 3.8649999999999998 0
      vertex 1.3049999999999988 5.145 0
    endloop
  endfacet
  facet normal 0 0 1
    outer loop
      vertex 1.3049999999999988 5.145 0
      vertex 4.454999999999999 3.8649999999999998 0
      vertex 4.454999999999999 5.145 0
    endloop
  endfacet
  facet normal 0 0 1
    outer loop
      vertex -28.959999999999997 5.6 0
      vertex 15.974999999999998 5.145 0
      vertex 17.305 5.145 0
    endloop
  endfacet
  facet normal 0 0 1
    outer loop
      vertex -28.959999999999997 5.6 0
      vertex 17.305 5.145 0
      vertex 18.584999999999997 5.145 0
    endloop
  endfacet
  facet normal 0 0 1
    outer loop
      vertex -28.959999999999997 5.6 0
      vertex 18.584999999999997 5.145 0
      vertex 21.734999999999996 5.145 0
    endloop
  endfacet
  facet normal 0 0 1
    outer loop
      vertex -28.959999999999997 5.6 0
      vertex 21.734999999999996 5.145 0
      vertex 23.014999999999993 5.145 0
    endloop
  endfacet
  facet normal 0 0 1
    outer loop
      vertex 7.065 2.5349999999999997 0
      vertex 10.215 2.5349999999999997 0
      vertex 10.215 3.8649999999999998 0
    endloop
  endfacet
  facet normal 0 0 1
    outer loop
      vertex 7.065 2.5349999999999997 0
      vertex 10.215 3.8649999999999998 0
      vertex 7.065 3.8649999999999998 0
    endloop
  endfacet
  facet normal 0 0 1
    outer loop
      vertex 12.825 2.5850000000000013 0
      vertex 15.974999999999998 3.8649999999999998 0
      vertex 12.825 3.8649999999999998 0
    endloop
  endfacet
  facet normal 0 0 1
    outer loop
      vertex 7.065 3.8649999999999998 0
      vertex 10.215 3.8649999999999998 0
      vertex 10.215 5.145 0
    endloop
  endfacet
  facet normal 0 0 1
    outer loop
      vertex 7.065 3.8649999999999998 0
      vertex 10.215 5.145 0
      vertex 7.065 5.145 0
    endloop
  endfacet
  facet normal 0 0 1
    outer loop
      vertex -28.959999999999997 5.6 0
      vertex 23.014999999999993 5.145 0
      vertex 29.279999999999998 5.6 0
    endloop
  endfacet
  facet normal 0 0 1
    outer loop
      vertex 12.825 3.8649999999999998 0
      vertex 15.974999999999998 3.8649999999999998 0
      vertex 12.825 5.145 0
    endloop
  endfacet
  facet normal 1 0 0
    outer loop
      vertex 29.279999999999998 -5.279999999999999 0
      vertex 29.279999999999998 5.6 -2.5
      vertex 29.279999999999998 5.6 0
    endloop
  endfacet
  facet normal 0 0 1
    outer loop
      vertex 12.825 0.0250000000000008 0
      vertex 15.974999999999998 -0.024999999999999023 0
      vertex 15.974999999999998 1.305000000000001 0
    endloop
  endfacet
  facet normal 0 0 1
    outer loop
      vertex 18.584999999999997 -0.024999999999999023 0
      vertex 21.734999999999996 -0.024999999999999023 0
      vertex 18.584999999999997 1.305000000000001 0
    endloop
  endfacet
  facet normal 0 0 1
    outer loop
      vertex 18.584999999999997 1.305000000000001 0
      vertex 21.734999999999996 -0.024999999999999023 0
      vertex 21.734999999999996 1.305000000000001 0
    endloop
  endfacet
  facet normal 0 0 1
    outer loop
      vertex 12.825 1.305000000000001 0
      vertex 15.974999999999998 1.305000000000001 0
      vertex 15.974999999999998 2.5349999999999997 0
    endloop
  endfacet
  facet normal 0 0 1
    outer loop
      vertex 18.584999999999997 1.305000000000001 0
      vertex 21.734999999999996 1.305000000000001 0
      vertex 18.584999999999997 2.5349999999999997 0
    endloop
  endfacet
  facet normal 0 0 1
    outer loop
      vertex 18.584999999999997 2.5349999999999997 0
      vertex 21.734999999999996 1.305000000000001 0
      vertex 21.734999999999996 2.5349999999999997 0
    endloop
  endfacet
  facet normal 0 0 1
    outer loop
      vertex 24.344999999999995 -0.024999999999999023 0
      vertex 27.494999999999994 -0.024999999999999023 0
      vertex 24.344999999999995 1.305000000000001 0
    endloop
  endfacet
  facet normal 0 0 1
    outer loop
      vertex 27.494999999999994 -0.024999999999999023 0
      vertex 27.494999999999994 1.305000000000001 0
      vertex 24.344999999999995 1.305000000000001 0
    endloop
  endfacet
  facet normal 0 0 1
    outer loop
      vertex 29.279999999999998 5.6 0
      vertex 28.824999999999996 -0.024999999999999023 0
      vertex 28.824999999999996 -1.2549999999999994 0
    endloop
  endfacet
  facet normal 0 0 1
    outer loop
      vertex 24.344999999999995 1.305000000000001 0
      vertex 27.494999999999994 1.305000000000001 0
      vertex 24.344999999999995 2.5349999999999997 0
    endloop
  endfacet
  facet normal 0 0 1
    outer loop
      vertex 24.344999999999995 2.5349999999999997 0
      vertex 27.494999999999994 1.305000000000001 0
      vertex 27.494999999999994 2.5349999999999997 0
    endloop
  endfacet
  facet normal 0 0 1
    outer loop
      vertex 29.279999999999998 5.6 0
      vertex 28.824999999999996 1.305000000000001 0
      vertex 28.824999999999996 -0.024999999999999023 0
    endloop
  endfacet
  facet normal 0 0 1
    outer loop
      vertex 12.825 2.5850000000000013 0
      vertex 15.974999999999998 2.5349999999999997 0
      vertex 15.974999999999998 3.8649999999999998 0
    endloop
  endfacet
  facet normal 0 0 1
    outer loop
      vertex 18.584999999999997 2.5349999999999997 0
      vertex 21.734999999999996 2.5349999999999997 0
      vertex 18.584999999999997 3.8649999999999998 0
    endloop
  endfacet
  facet normal 0 0 1
    outer loop
      vertex 18.584999999999997 3.8649999999999998 0
      vertex 21.734999999999996 2.5349999999999997 0
      vertex 21.734999999999996 3.8649999999999998 0
    endloop
  endfacet
  facet normal 0 0 1
    outer loop
      vertex 12.825 5.145 0
      vertex 15.974999999999998 3.8649999999999998 0
      vertex 15.974999999999998 5.145 0
    endloop
  endfacet
  facet normal 0 0 1
    outer loop
      vertex 18.584999999999997 3.8649999999999998 0
      vertex 21.734999999999996 3.8649999999999998 0
      vertex 18.584999999999997 5.145 0
    endloop
  endfacet
  facet normal 0 0 1
    outer loop
      vertex 18.584999999999997 5.145 0
      vertex 21.734999999999996 3.8649999999999998 0
      vertex 21.734999999999996 5.145 0
    endloop
  endfacet
  facet normal 0 0 1
    outer loop
      vertex 24.344999999999995 2.5349999999999997 0
      vertex 27.494999999999994 2.5349999999999997 0
      vertex 24.344999999999995 3.8649999999999998 0
    endloop
  endfacet
  facet normal 0 0 1
    outer loop
      vertex 27.494999999999994 2.5349999999999997 0
      vertex 27.494999999999994 3.8649999999999998 0
      vertex 24.344999999999995 3.8649999999999998 0
    endloop
  endfacet
  facet normal 0 0 1
    outer loop
      vertex 29.279999999999998 5.6 0
      vertex 28.824999999999996 2.5349999999999997 0
      vertex 28.824999999999996 1.305000000000001 0
    endloop
  endfacet
  facet normal 0 0 1
    outer loop
      vertex 29.279999999999998 5.6 0
      vertex 28.824999999999996 3.8649999999999998 0
      vertex 28.824999999999996 2.5349999999999997 0
    endloop
  endfacet
  facet normal 0 0 1
    outer loop
      vertex 24.344999999999995 3.8649999999999998 0
      vertex 27.494999999999994 3.8649999999999998 0
      vertex 24.344999999999995 5.145 0
    endloop
  endfacet
  facet normal 0 0 1
    outer loop
      vertex 29.279999999999998 5.6 0
      vertex 23.014999999999993 5.145 0
      vertex 24.344999999999995 5.145 0
    endloop
  endfacet
  facet normal 0 0 1
    outer loop
      vertex 24.344999999999995 5.145 0
      vertex 27.494999999999994 3.8649999999999998 0
      vertex 27.494999999999994 5.145 0
    endloop
  endfacet
  facet normal 0 0 1
    outer loop
      vertex 29.279999999999998 5.6 0
      vertex 28.824999999999996 5.145 0
      vertex 28.824999999999996 3.8649999999999998 0
    endloop
  endfacet
  facet normal 0 0 1
    outer loop
      vertex 29.279999999999998 5.6 0
      vertex 24.344999999999995 5.145 0
      vertex 27.494999999999994 5.145 0
    endloop
  endfacet
  facet normal 0 0 1
    outer loop
      vertex 29.279999999999998 5.6 0
      vertex 27.494999999999994 5.145 0
      vertex 28.824999999999996 5.145 0
    endloop
  endfacet
endsolid OpenSCAD_Model
